,Pclass,Age,SibSp,Parch,Fare,Sex_female,Sex_male,Embarked_C,Embarked_Q,Embarked_S,Title_Capt.,Title_Col.,Title_Don.,Title_Dr.,Title_Major.,Title_Master.,Title_Misc.,Title_Miss.,Title_Mr.,Title_Mrs.,Title_Ms.,Title_Rev.
0,3,22.0,1,0,7.25,0,1,0,0,1,0,0,0,0,0,0,0,0,1,0,0,0
1,1,38.0,1,0,71.2833,1,0,1,0,0,0,0,0,0,0,0,0,0,0,1,0,0
2,3,26.0,0,0,7.925,1,0,0,0,1,0,0,0,0,0,0,0,1,0,0,0,0
3,1,35.0,1,0,53.1,1,0,0,0,1,0,0,0,0,0,0,0,0,0,1,0,0
4,3,35.0,0,0,8.05,0,1,0,0,1,0,0,0,0,0,0,0,0,1,0,0,0
5,3,28.724890829694324,0,0,8.4583,0,1,0,1,0,0,0,0,0,0,0,0,0,1,0,0,0
6,1,54.0,0,0,51.8625,0,1,0,0,1,0,0,0,0,0,0,0,0,1,0,0,0
7,3,2.0,3,1,21.075,0,1,0,0,1,0,0,0,0,0,1,0,0,0,0,0,0
8,3,27.0,0,2,11.1333,1,0,0,0,1,0,0,0,0,0,0,0,0,0,1,0,0
9,2,14.0,1,0,30.0708,1,0,1,0,0,0,0,0,0,0,0,0,0,0,1,0,0
10,3,4.0,1,1,16.7,1,0,0,0,1,0,0,0,0,0,0,0,1,0,0,0,0
11,1,58.0,0,0,26.55,1,0,0,0,1,0,0,0,0,0,0,0,1,0,0,0,0
12,3,20.0,0,0,8.05,0,1,0,0,1,0,0,0,0,0,0,0,0,1,0,0,0
13,3,39.0,1,5,31.275,0,1,0,0,1,0,0,0,0,0,0,0,0,1,0,0,0
14,3,14.0,0,0,7.8542,1,0,0,0,1,0,0,0,0,0,0,0,1,0,0,0,0
15,2,55.0,0,0,16.0,1,0,0,0,1,0,0,0,0,0,0,0,0,0,1,0,0
16,3,2.0,4,1,29.125,0,1,0,1,0,0,0,0,0,0,1,0,0,0,0,0,0
17,2,32.76829268292683,0,0,13.0,0,1,0,0,1,0,0,0,0,0,0,0,0,1,0,0,0
18,3,31.0,1,0,18.0,1,0,0,0,1,0,0,0,0,0,0,0,0,0,1,0,0
19,3,33.515151515151516,0,0,7.225,1,0,1,0,0,0,0,0,0,0,0,0,0,0,1,0,0
20,2,35.0,0,0,26.0,0,1,0,0,1,0,0,0,0,0,0,0,0,1,0,0,0
21,2,34.0,0,0,13.0,0,1,0,0,1,0,0,0,0,0,0,0,0,1,0,0,0
22,3,15.0,0,0,8.0292,1,0,0,1,0,0,0,0,0,0,0,0,1,0,0,0,0
23,1,28.0,0,0,35.5,0,1,0,0,1,0,0,0,0,0,0,0,0,1,0,0,0
24,3,8.0,3,1,21.075,1,0,0,0,1,0,0,0,0,0,0,0,1,0,0,0,0
25,3,38.0,1,5,31.3875,1,0,0,0,1,0,0,0,0,0,0,0,0,0,1,0,0
26,3,28.724890829694324,0,0,7.225,0,1,1,0,0,0,0,0,0,0,0,0,0,1,0,0,0
27,1,19.0,3,2,263.0,0,1,0,0,1,0,0,0,0,0,0,0,0,1,0,0,0
28,3,16.1231884057971,0,0,7.8792,1,0,0,1,0,0,0,0,0,0,0,0,1,0,0,0,0
29,3,28.724890829694324,0,0,7.8958,0,1,0,0,1,0,0,0,0,0,0,0,0,1,0,0,0
30,1,40.0,0,0,27.7208,0,1,1,0,0,0,0,1,0,0,0,0,0,0,0,0,0
31,1,40.88235294117647,1,0,146.5208,1,0,1,0,0,0,0,0,0,0,0,0,0,0,1,0,0
32,3,16.1231884057971,0,0,7.75,1,0,0,1,0,0,0,0,0,0,0,0,1,0,0,0,0
33,2,66.0,0,0,10.5,0,1,0,0,1,0,0,0,0,0,0,0,0,1,0,0,0
34,1,28.0,1,0,82.1708,0,1,1,0,0,0,0,0,0,0,0,0,0,1,0,0,0
35,1,42.0,1,0,52.0,0,1,0,0,1,0,0,0,0,0,0,0,0,1,0,0,0
36,3,28.724890829694324,0,0,7.2292,0,1,1,0,0,0,0,0,0,0,0,0,0,1,0,0,0
37,3,21.0,0,0,8.05,0,1,0,0,1,0,0,0,0,0,0,0,0,1,0,0,0
38,3,18.0,2,0,18.0,1,0,0,0,1,0,0,0,0,0,0,0,1,0,0,0,0
39,3,14.0,1,0,11.2417,1,0,1,0,0,0,0,0,0,0,0,0,1,0,0,0,0
40,3,40.0,1,0,9.475,1,0,0,0,1,0,0,0,0,0,0,0,0,0,1,0,0
41,2,27.0,1,0,21.0,1,0,0,0,1,0,0,0,0,0,0,0,0,0,1,0,0
42,3,28.724890829694324,0,0,7.8958,0,1,1,0,0,0,0,0,0,0,0,0,0,1,0,0,0
43,2,3.0,1,2,41.5792,1,0,1,0,0,0,0,0,0,0,0,0,1,0,0,0,0
44,3,19.0,0,0,7.8792,1,0,0,1,0,0,0,0,0,0,0,0,1,0,0,0,0
45,3,28.724890829694324,0,0,8.05,0,1,0,0,1,0,0,0,0,0,0,0,0,1,0,0,0
46,3,28.724890829694324,1,0,15.5,0,1,0,1,0,0,0,0,0,0,0,0,0,1,0,0,0
47,3,16.1231884057971,0,0,7.75,1,0,0,1,0,0,0,0,0,0,0,0,1,0,0,0,0
48,3,28.724890829694324,2,0,21.6792,0,1,1,0,0,0,0,0,0,0,0,0,0,1,0,0,0
49,3,18.0,1,0,17.8,1,0,0,0,1,0,0,0,0,0,0,0,0,0,1,0,0
50,3,7.0,4,1,39.6875,0,1,0,0,1,0,0,0,0,0,1,0,0,0,0,0,0
51,3,21.0,0,0,7.8,0,1,0,0,1,0,0,0,0,0,0,0,0,1,0,0,0
52,1,49.0,1,0,76.7292,1,0,1,0,0,0,0,0,0,0,0,0,0,0,1,0,0
53,2,29.0,1,0,26.0,1,0,0,0,1,0,0,0,0,0,0,0,0,0,1,0,0
54,1,65.0,0,1,61.9792,0,1,1,0,0,0,0,0,0,0,0,0,0,1,0,0,0
55,1,41.58045977011494,0,0,35.5,0,1,0,0,1,0,0,0,0,0,0,0,0,1,0,0,0
56,2,21.0,0,0,10.5,1,0,0,0,1,0,0,0,0,0,0,0,1,0,0,0,0
57,3,28.5,0,0,7.2292,0,1,1,0,0,0,0,0,0,0,0,0,0,1,0,0,0
58,2,5.0,1,2,27.75,1,0,0,0,1,0,0,0,0,0,0,0,1,0,0,0,0
59,3,11.0,5,2,46.9,0,1,0,0,1,0,0,0,0,0,1,0,0,0,0,0,0
60,3,22.0,0,0,7.2292,0,1,1,0,0,0,0,0,0,0,0,0,0,1,0,0,0
62,1,45.0,1,0,83.475,0,1,0,0,1,0,0,0,0,0,0,0,0,1,0,0,0
63,3,4.0,3,2,27.9,0,1,0,0,1,0,0,0,0,0,1,0,0,0,0,0,0
64,1,41.58045977011494,0,0,27.7208,0,1,1,0,0,0,0,0,0,0,0,0,0,1,0,0,0
65,3,5.350833333333334,1,1,15.2458,0,1,1,0,0,0,0,0,0,0,1,0,0,0,0,0,0
66,2,29.0,0,0,10.5,1,0,0,0,1,0,0,0,0,0,0,0,0,0,1,0,0
67,3,19.0,0,0,8.1583,0,1,0,0,1,0,0,0,0,0,0,0,0,1,0,0,0
68,3,17.0,4,2,7.925,1,0,0,0,1,0,0,0,0,0,0,0,1,0,0,0,0
69,3,26.0,2,0,8.6625,0,1,0,0,1,0,0,0,0,0,0,0,0,1,0,0,0
70,2,32.0,0,0,10.5,0,1,0,0,1,0,0,0,0,0,0,0,0,1,0,0,0
71,3,16.0,5,2,46.9,1,0,0,0,1,0,0,0,0,0,0,0,1,0,0,0,0
72,2,21.0,0,0,73.5,0,1,0,0,1,0,0,0,0,0,0,0,0,1,0,0,0
73,3,26.0,1,0,14.4542,0,1,1,0,0,0,0,0,0,0,0,0,0,1,0,0,0
74,3,32.0,0,0,56.4958,0,1,0,0,1,0,0,0,0,0,0,0,0,1,0,0,0
75,3,25.0,0,0,7.65,0,1,0,0,1,0,0,0,0,0,0,0,0,1,0,0,0
76,3,28.724890829694324,0,0,7.8958,0,1,0,0,1,0,0,0,0,0,0,0,0,1,0,0,0
77,3,28.724890829694324,0,0,8.05,0,1,0,0,1,0,0,0,0,0,0,0,0,1,0,0,0
78,2,0.83,0,2,29.0,0,1,0,0,1,0,0,0,0,0,1,0,0,0,0,0,0
79,3,30.0,0,0,12.475,1,0,0,0,1,0,0,0,0,0,0,0,1,0,0,0,0
80,3,22.0,0,0,9.0,0,1,0,0,1,0,0,0,0,0,0,0,0,1,0,0,0
81,3,29.0,0,0,9.5,0,1,0,0,1,0,0,0,0,0,0,0,0,1,0,0,0
82,3,16.1231884057971,0,0,7.7875,1,0,0,1,0,0,0,0,0,0,0,0,1,0,0,0,0
83,1,28.0,0,0,47.1,0,1,0,0,1,0,0,0,0,0,0,0,0,1,0,0,0
84,2,17.0,0,0,10.5,1,0,0,0,1,0,0,0,0,0,0,0,1,0,0,0,0
85,3,33.0,3,0,15.85,1,0,0,0,1,0,0,0,0,0,0,0,0,0,1,0,0
86,3,16.0,1,3,34.375,0,1,0,0,1,0,0,0,0,0,0,0,0,1,0,0,0
87,3,28.724890829694324,0,0,8.05,0,1,0,0,1,0,0,0,0,0,0,0,0,1,0,0,0
88,1,23.0,3,2,263.0,1,0,0,0,1,0,0,0,0,0,0,0,1,0,0,0,0
89,3,24.0,0,0,8.05,0,1,0,0,1,0,0,0,0,0,0,0,0,1,0,0,0
90,3,29.0,0,0,8.05,0,1,0,0,1,0,0,0,0,0,0,0,0,1,0,0,0
91,3,20.0,0,0,7.8542,0,1,0,0,1,0,0,0,0,0,0,0,0,1,0,0,0
92,1,46.0,1,0,61.175,0,1,0,0,1,0,0,0,0,0,0,0,0,1,0,0,0
93,3,26.0,1,2,20.575,0,1,0,0,1,0,0,0,0,0,0,0,0,1,0,0,0
94,3,59.0,0,0,7.25,0,1,0,0,1,0,0,0,0,0,0,0,0,1,0,0,0
95,3,28.724890829694324,0,0,8.05,0,1,0,0,1,0,0,0,0,0,0,0,0,1,0,0,0
96,1,71.0,0,0,34.6542,0,1,1,0,0,0,0,0,0,0,0,0,0,1,0,0,0
97,1,23.0,0,1,63.3583,0,1,1,0,0,0,0,0,0,0,0,0,0,1,0,0,0
98,2,34.0,0,1,23.0,1,0,0,0,1,0,0,0,0,0,0,0,0,0,1,0,0
99,2,34.0,1,0,26.0,0,1,0,0,1,0,0,0,0,0,0,0,0,1,0,0,0
100,3,28.0,0,0,7.8958,1,0,0,0,1,0,0,0,0,0,0,0,1,0,0,0,0
101,3,28.724890829694324,0,0,7.8958,0,1,0,0,1,0,0,0,0,0,0,0,0,1,0,0,0
102,1,21.0,0,1,77.2875,0,1,0,0,1,0,0,0,0,0,0,0,0,1,0,0,0
103,3,33.0,0,0,8.6542,0,1,0,0,1,0,0,0,0,0,0,0,0,1,0,0,0
104,3,37.0,2,0,7.925,0,1,0,0,1,0,0,0,0,0,0,0,0,1,0,0,0
105,3,28.0,0,0,7.8958,0,1,0,0,1,0,0,0,0,0,0,0,0,1,0,0,0
106,3,21.0,0,0,7.65,1,0,0,0,1,0,0,0,0,0,0,0,1,0,0,0,0
107,3,28.724890829694324,0,0,7.775,0,1,0,0,1,0,0,0,0,0,0,0,0,1,0,0,0
108,3,38.0,0,0,7.8958,0,1,0,0,1,0,0,0,0,0,0,0,0,1,0,0,0
109,3,16.1231884057971,1,0,24.15,1,0,0,1,0,0,0,0,0,0,0,0,1,0,0,0,0
110,1,47.0,0,0,52.0,0,1,0,0,1,0,0,0,0,0,0,0,0,1,0,0,0
111,3,14.5,1,0,14.4542,1,0,1,0,0,0,0,0,0,0,0,0,1,0,0,0,0
112,3,22.0,0,0,8.05,0,1,0,0,1,0,0,0,0,0,0,0,0,1,0,0,0
113,3,20.0,1,0,9.825,1,0,0,0,1,0,0,0,0,0,0,0,1,0,0,0,0
114,3,17.0,0,0,14.4583,1,0,1,0,0,0,0,0,0,0,0,0,1,0,0,0,0
115,3,21.0,0,0,7.925,0,1,0,0,1,0,0,0,0,0,0,0,0,1,0,0,0
116,3,70.5,0,0,7.75,0,1,0,1,0,0,0,0,0,0,0,0,0,1,0,0,0
117,2,29.0,1,0,21.0,0,1,0,0,1,0,0,0,0,0,0,0,0,1,0,0,0
118,1,24.0,0,1,247.5208,0,1,1,0,0,0,0,0,0,0,0,0,0,1,0,0,0
119,3,2.0,4,2,31.275,1,0,0,0,1,0,0,0,0,0,0,0,1,0,0,0,0
120,2,21.0,2,0,73.5,0,1,0,0,1,0,0,0,0,0,0,0,0,1,0,0,0
121,3,28.724890829694324,0,0,8.05,0,1,0,0,1,0,0,0,0,0,0,0,0,1,0,0,0
122,2,32.5,1,0,30.0708,0,1,1,0,0,0,0,0,0,0,0,0,0,1,0,0,0
123,2,32.5,0,0,13.0,1,0,0,0,1,0,0,0,0,0,0,0,1,0,0,0,0
124,1,54.0,0,1,77.2875,0,1,0,0,1,0,0,0,0,0,0,0,0,1,0,0,0
125,3,12.0,1,0,11.2417,0,1,1,0,0,0,0,0,0,0,1,0,0,0,0,0,0
126,3,28.724890829694324,0,0,7.75,0,1,0,1,0,0,0,0,0,0,0,0,0,1,0,0,0
127,3,24.0,0,0,7.1417,0,1,0,0,1,0,0,0,0,0,0,0,0,1,0,0,0
128,3,16.1231884057971,1,1,22.3583,1,0,1,0,0,0,0,0,0,0,0,0,1,0,0,0,0
129,3,45.0,0,0,6.975,0,1,0,0,1,0,0,0,0,0,0,0,0,1,0,0,0
130,3,33.0,0,0,7.8958,0,1,1,0,0,0,0,0,0,0,0,0,0,1,0,0,0
131,3,20.0,0,0,7.05,0,1,0,0,1,0,0,0,0,0,0,0,0,1,0,0,0
132,3,47.0,1,0,14.5,1,0,0,0,1,0,0,0,0,0,0,0,0,0,1,0,0
133,2,29.0,1,0,26.0,1,0,0,0,1,0,0,0,0,0,0,0,0,0,1,0,0
134,2,25.0,0,0,13.0,0,1,0,0,1,0,0,0,0,0,0,0,0,1,0,0,0
135,2,23.0,0,0,15.0458,0,1,1,0,0,0,0,0,0,0,0,0,0,1,0,0,0
136,1,19.0,0,2,26.2833,1,0,0,0,1,0,0,0,0,0,0,0,1,0,0,0,0
137,1,37.0,1,0,53.1,0,1,0,0,1,0,0,0,0,0,0,0,0,1,0,0,0
138,3,16.0,0,0,9.2167,0,1,0,0,1,0,0,0,0,0,0,0,0,1,0,0,0
139,1,24.0,0,0,79.2,0,1,1,0,0,0,0,0,0,0,0,0,0,1,0,0,0
140,3,33.515151515151516,0,2,15.2458,1,0,1,0,0,0,0,0,0,0,0,0,0,0,1,0,0
141,3,22.0,0,0,7.75,1,0,0,0,1,0,0,0,0,0,0,0,1,0,0,0,0
142,3,24.0,1,0,15.85,1,0,0,0,1,0,0,0,0,0,0,0,0,0,1,0,0
143,3,19.0,0,0,6.75,0,1,0,1,0,0,0,0,0,0,0,0,0,1,0,0,0
144,2,18.0,0,0,11.5,0,1,0,0,1,0,0,0,0,0,0,0,0,1,0,0,0
145,2,19.0,1,1,36.75,0,1,0,0,1,0,0,0,0,0,0,0,0,1,0,0,0
146,3,27.0,0,0,7.7958,0,1,0,0,1,0,0,0,0,0,0,0,0,1,0,0,0
147,3,9.0,2,2,34.375,1,0,0,0,1,0,0,0,0,0,0,0,1,0,0,0,0
148,2,36.5,0,2,26.0,0,1,0,0,1,0,0,0,0,0,0,0,0,1,0,0,0
149,2,42.0,0,0,13.0,0,1,0,0,1,0,0,0,0,0,0,0,0,0,0,0,1
150,2,51.0,0,0,12.525,0,1,0,0,1,0,0,0,0,0,0,0,0,0,0,0,1
151,1,22.0,1,0,66.6,1,0,0,0,1,0,0,0,0,0,0,0,0,0,1,0,0
152,3,55.5,0,0,8.05,0,1,0,0,1,0,0,0,0,0,0,0,0,1,0,0,0
153,3,40.5,0,2,14.5,0,1,0,0,1,0,0,0,0,0,0,0,0,1,0,0,0
154,3,28.724890829694324,0,0,7.3125,0,1,0,0,1,0,0,0,0,0,0,0,0,1,0,0,0
155,1,51.0,0,1,61.3792,0,1,1,0,0,0,0,0,0,0,0,0,0,1,0,0,0
156,3,16.0,0,0,7.7333,1,0,0,1,0,0,0,0,0,0,0,0,1,0,0,0,0
157,3,30.0,0,0,8.05,0,1,0,0,1,0,0,0,0,0,0,0,0,1,0,0,0
158,3,28.724890829694324,0,0,8.6625,0,1,0,0,1,0,0,0,0,0,0,0,0,1,0,0,0
159,3,5.350833333333334,8,2,69.55,0,1,0,0,1,0,0,0,0,0,1,0,0,0,0,0,0
160,3,44.0,0,1,16.1,0,1,0,0,1,0,0,0,0,0,0,0,0,1,0,0,0
161,2,40.0,0,0,15.75,1,0,0,0,1,0,0,0,0,0,0,0,0,0,1,0,0
162,3,26.0,0,0,7.775,0,1,0,0,1,0,0,0,0,0,0,0,0,1,0,0,0
163,3,17.0,0,0,8.6625,0,1,0,0,1,0,0,0,0,0,0,0,0,1,0,0,0
164,3,1.0,4,1,39.6875,0,1,0,0,1,0,0,0,0,0,1,0,0,0,0,0,0
165,3,9.0,0,2,20.525,0,1,0,0,1,0,0,0,0,0,1,0,0,0,0,0,0
166,1,40.88235294117647,0,1,55.0,1,0,0,0,1,0,0,0,0,0,0,0,0,0,1,0,0
167,3,45.0,1,4,27.9,1,0,0,0,1,0,0,0,0,0,0,0,0,0,1,0,0
168,1,41.58045977011494,0,0,25.925,0,1,0,0,1,0,0,0,0,0,0,0,0,1,0,0,0
169,3,28.0,0,0,56.4958,0,1,0,0,1,0,0,0,0,0,0,0,0,1,0,0,0
170,1,61.0,0,0,33.5,0,1,0,0,1,0,0,0,0,0,0,0,0,1,0,0,0
171,3,4.0,4,1,29.125,0,1,0,1,0,0,0,0,0,0,1,0,0,0,0,0,0
172,3,1.0,1,1,11.1333,1,0,0,0,1,0,0,0,0,0,0,0,1,0,0,0,0
173,3,21.0,0,0,7.925,0,1,0,0,1,0,0,0,0,0,0,0,0,1,0,0,0
174,1,56.0,0,0,30.6958,0,1,1,0,0,0,0,0,0,0,0,0,0,1,0,0,0
175,3,18.0,1,1,7.8542,0,1,0,0,1,0,0,0,0,0,0,0,0,1,0,0,0
176,3,5.350833333333334,3,1,25.4667,0,1,0,0,1,0,0,0,0,0,1,0,0,0,0,0,0
177,1,50.0,0,0,28.7125,1,0,1,0,0,0,0,0,0,0,0,0,1,0,0,0,0
178,2,30.0,0,0,13.0,0,1,0,0,1,0,0,0,0,0,0,0,0,1,0,0,0
179,3,36.0,0,0,0.0,0,1,0,0,1,0,0,0,0,0,0,0,0,1,0,0,0
180,3,16.1231884057971,8,2,69.55,1,0,0,0,1,0,0,0,0,0,0,0,1,0,0,0,0
181,2,32.76829268292683,0,0,15.05,0,1,1,0,0,0,0,0,0,0,0,0,0,1,0,0,0
182,3,9.0,4,2,31.3875,0,1,0,0,1,0,0,0,0,0,1,0,0,0,0,0,0
183,2,1.0,2,1,39.0,0,1,0,0,1,0,0,0,0,0,1,0,0,0,0,0,0
184,3,4.0,0,2,22.025,1,0,0,0,1,0,0,0,0,0,0,0,1,0,0,0,0
185,1,41.58045977011494,0,0,50.0,0,1,0,0,1,0,0,0,0,0,0,0,0,1,0,0,0
186,3,33.515151515151516,1,0,15.5,1,0,0,1,0,0,0,0,0,0,0,0,0,0,1,0,0
187,1,45.0,0,0,26.55,0,1,0,0,1,0,0,0,0,0,0,0,0,1,0,0,0
188,3,40.0,1,1,15.5,0,1,0,1,0,0,0,0,0,0,0,0,0,1,0,0,0
189,3,36.0,0,0,7.8958,0,1,0,0,1,0,0,0,0,0,0,0,0,1,0,0,0
190,2,32.0,0,0,13.0,1,0,0,0,1,0,0,0,0,0,0,0,0,0,1,0,0
191,2,19.0,0,0,13.0,0,1,0,0,1,0,0,0,0,0,0,0,0,1,0,0,0
192,3,19.0,1,0,7.8542,1,0,0,0,1,0,0,0,0,0,0,0,1,0,0,0,0
193,2,3.0,1,1,26.0,0,1,0,0,1,0,0,0,0,0,1,0,0,0,0,0,0
194,1,44.0,0,0,27.7208,1,0,1,0,0,0,0,0,0,0,0,0,0,0,1,0,0
195,1,58.0,0,0,146.5208,1,0,1,0,0,0,0,0,0,0,0,0,1,0,0,0,0
196,3,28.724890829694324,0,0,7.75,0,1,0,1,0,0,0,0,0,0,0,0,0,1,0,0,0
197,3,42.0,0,1,8.4042,0,1,0,0,1,0,0,0,0,0,0,0,0,1,0,0,0
198,3,16.1231884057971,0,0,7.75,1,0,0,1,0,0,0,0,0,0,0,0,1,0,0,0,0
199,2,24.0,0,0,13.0,1,0,0,0,1,0,0,0,0,0,0,0,1,0,0,0,0
200,3,28.0,0,0,9.5,0,1,0,0,1,0,0,0,0,0,0,0,0,1,0,0,0
201,3,28.724890829694324,8,2,69.55,0,1,0,0,1,0,0,0,0,0,0,0,0,1,0,0,0
202,3,34.0,0,0,6.4958,0,1,0,0,1,0,0,0,0,0,0,0,0,1,0,0,0
203,3,45.5,0,0,7.225,0,1,1,0,0,0,0,0,0,0,0,0,0,1,0,0,0
204,3,18.0,0,0,8.05,0,1,0,0,1,0,0,0,0,0,0,0,0,1,0,0,0
205,3,2.0,0,1,10.4625,1,0,0,0,1,0,0,0,0,0,0,0,1,0,0,0,0
206,3,32.0,1,0,15.85,0,1,0,0,1,0,0,0,0,0,0,0,0,1,0,0,0
207,3,26.0,0,0,18.7875,0,1,1,0,0,0,0,0,0,0,0,0,0,1,0,0,0
208,3,16.0,0,0,7.75,1,0,0,1,0,0,0,0,0,0,0,0,1,0,0,0,0
209,1,40.0,0,0,31.0,0,1,1,0,0,0,0,0,0,0,0,0,0,1,0,0,0
210,3,24.0,0,0,7.05,0,1,0,0,1,0,0,0,0,0,0,0,0,1,0,0,0
211,2,35.0,0,0,21.0,1,0,0,0,1,0,0,0,0,0,0,0,1,0,0,0,0
212,3,22.0,0,0,7.25,0,1,0,0,1,0,0,0,0,0,0,0,0,1,0,0,0
213,2,30.0,0,0,13.0,0,1,0,0,1,0,0,0,0,0,0,0,0,1,0,0,0
214,3,28.724890829694324,1,0,7.75,0,1,0,1,0,0,0,0,0,0,0,0,0,1,0,0,0
215,1,31.0,1,0,113.275,1,0,1,0,0,0,0,0,0,0,0,0,1,0,0,0,0
216,3,27.0,0,0,7.925,1,0,0,0,1,0,0,0,0,0,0,0,1,0,0,0,0
217,2,42.0,1,0,27.0,0,1,0,0,1,0,0,0,0,0,0,0,0,1,0,0,0
218,1,32.0,0,0,76.2917,1,0,1,0,0,0,0,0,0,0,0,0,1,0,0,0,0
219,2,30.0,0,0,10.5,0,1,0,0,1,0,0,0,0,0,0,0,0,1,0,0,0
220,3,16.0,0,0,8.05,0,1,0,0,1,0,0,0,0,0,0,0,0,1,0,0,0
221,2,27.0,0,0,13.0,0,1,0,0,1,0,0,0,0,0,0,0,0,1,0,0,0
222,3,51.0,0,0,8.05,0,1,0,0,1,0,0,0,0,0,0,0,0,1,0,0,0
223,3,28.724890829694324,0,0,7.8958,0,1,0,0,1,0,0,0,0,0,0,0,0,1,0,0,0
224,1,38.0,1,0,90.0,0,1,0,0,1,0,0,0,0,0,0,0,0,1,0,0,0
225,3,22.0,0,0,9.35,0,1,0,0,1,0,0,0,0,0,0,0,0,1,0,0,0
226,2,19.0,0,0,10.5,0,1,0,0,1,0,0,0,0,0,0,0,0,1,0,0,0
227,3,20.5,0,0,7.25,0,1,0,0,1,0,0,0,0,0,0,0,0,1,0,0,0
228,2,18.0,0,0,13.0,0,1,0,0,1,0,0,0,0,0,0,0,0,1,0,0,0
229,3,16.1231884057971,3,1,25.4667,1,0,0,0,1,0,0,0,0,0,0,0,1,0,0,0,0
230,1,35.0,1,0,83.475,1,0,0,0,1,0,0,0,0,0,0,0,0,0,1,0,0
231,3,29.0,0,0,7.775,0,1,0,0,1,0,0,0,0,0,0,0,0,1,0,0,0
232,2,59.0,0,0,13.5,0,1,0,0,1,0,0,0,0,0,0,0,0,1,0,0,0
233,3,5.0,4,2,31.3875,1,0,0,0,1,0,0,0,0,0,0,0,1,0,0,0,0
234,2,24.0,0,0,10.5,0,1,0,0,1,0,0,0,0,0,0,0,0,1,0,0,0
235,3,16.1231884057971,0,0,7.55,1,0,0,0,1,0,0,0,0,0,0,0,1,0,0,0,0
236,2,44.0,1,0,26.0,0,1,0,0,1,0,0,0,0,0,0,0,0,1,0,0,0
237,2,8.0,0,2,26.25,1,0,0,0,1,0,0,0,0,0,0,0,1,0,0,0,0
238,2,19.0,0,0,10.5,0,1,0,0,1,0,0,0,0,0,0,0,0,1,0,0,0
239,2,33.0,0,0,12.275,0,1,0,0,1,0,0,0,0,0,0,0,0,1,0,0,0
240,3,16.1231884057971,1,0,14.4542,1,0,1,0,0,0,0,0,0,0,0,0,1,0,0,0,0
241,3,16.1231884057971,1,0,15.5,1,0,0,1,0,0,0,0,0,0,0,0,1,0,0,0,0
242,2,29.0,0,0,10.5,0,1,0,0,1,0,0,0,0,0,0,0,0,1,0,0,0
243,3,22.0,0,0,7.125,0,1,0,0,1,0,0,0,0,0,0,0,0,1,0,0,0
244,3,30.0,0,0,7.225,0,1,1,0,0,0,0,0,0,0,0,0,0,1,0,0,0
245,1,44.0,2,0,90.0,0,1,0,1,0,0,0,0,1,0,0,0,0,0,0,0,0
246,3,25.0,0,0,7.775,1,0,0,0,1,0,0,0,0,0,0,0,1,0,0,0,0
247,2,24.0,0,2,14.5,1,0,0,0,1,0,0,0,0,0,0,0,0,0,1,0,0
248,1,37.0,1,1,52.5542,0,1,0,0,1,0,0,0,0,0,0,0,0,1,0,0,0
249,2,54.0,1,0,26.0,0,1,0,0,1,0,0,0,0,0,0,0,0,0,0,0,1
250,3,28.724890829694324,0,0,7.25,0,1,0,0,1,0,0,0,0,0,0,0,0,1,0,0,0
251,3,29.0,1,1,10.4625,1,0,0,0,1,0,0,0,0,0,0,0,0,0,1,0,0
252,1,62.0,0,0,26.55,0,1,0,0,1,0,0,0,0,0,0,0,0,1,0,0,0
253,3,30.0,1,0,16.1,0,1,0,0,1,0,0,0,0,0,0,0,0,1,0,0,0
254,3,41.0,0,2,20.2125,1,0,0,0,1,0,0,0,0,0,0,0,0,0,1,0,0
255,3,29.0,0,2,15.2458,1,0,1,0,0,0,0,0,0,0,0,0,0,0,1,0,0
256,1,40.88235294117647,0,0,79.2,1,0,1,0,0,0,0,0,0,0,0,0,0,0,1,0,0
257,1,30.0,0,0,86.5,1,0,0,0,1,0,0,0,0,0,0,0,1,0,0,0,0
258,1,35.0,0,0,512.3292,1,0,1,0,0,0,0,0,0,0,0,0,1,0,0,0,0
259,2,50.0,0,1,26.0,1,0,0,0,1,0,0,0,0,0,0,0,0,0,1,0,0
260,3,28.724890829694324,0,0,7.75,0,1,0,1,0,0,0,0,0,0,0,0,0,1,0,0,0
261,3,3.0,4,2,31.3875,0,1,0,0,1,0,0,0,0,0,1,0,0,0,0,0,0
262,1,52.0,1,1,79.65,0,1,0,0,1,0,0,0,0,0,0,0,0,1,0,0,0
263,1,40.0,0,0,0.0,0,1,0,0,1,0,0,0,0,0,0,0,0,1,0,0,0
264,3,16.1231884057971,0,0,7.75,1,0,0,1,0,0,0,0,0,0,0,0,1,0,0,0,0
265,2,36.0,0,0,10.5,0,1,0,0,1,0,0,0,0,0,0,0,0,1,0,0,0
266,3,16.0,4,1,39.6875,0,1,0,0,1,0,0,0,0,0,0,0,0,1,0,0,0
267,3,25.0,1,0,7.775,0,1,0,0,1,0,0,0,0,0,0,0,0,1,0,0,0
268,1,58.0,0,1,153.4625,1,0,0,0,1,0,0,0,0,0,0,0,0,0,1,0,0
269,1,35.0,0,0,135.6333,1,0,0,0,1,0,0,0,0,0,0,0,1,0,0,0,0
270,1,41.58045977011494,0,0,31.0,0,1,0,0,1,0,0,0,0,0,0,0,0,1,0,0,0
271,3,25.0,0,0,0.0,0,1,0,0,1,0,0,0,0,0,0,0,0,1,0,0,0
272,2,41.0,0,1,19.5,1,0,0,0,1,0,0,0,0,0,0,0,0,0,1,0,0
273,1,37.0,0,1,29.7,0,1,1,0,0,0,0,0,0,0,0,0,0,1,0,0,0
274,3,16.1231884057971,0,0,7.75,1,0,0,1,0,0,0,0,0,0,0,0,1,0,0,0,0
275,1,63.0,1,0,77.9583,1,0,0,0,1,0,0,0,0,0,0,0,1,0,0,0,0
276,3,45.0,0,0,7.75,1,0,0,0,1,0,0,0,0,0,0,0,1,0,0,0,0
277,2,32.76829268292683,0,0,0.0,0,1,0,0,1,0,0,0,0,0,0,0,0,1,0,0,0
278,3,7.0,4,1,29.125,0,1,0,1,0,0,0,0,0,0,1,0,0,0,0,0,0
279,3,35.0,1,1,20.25,1,0,0,0,1,0,0,0,0,0,0,0,0,0,1,0,0
280,3,65.0,0,0,7.75,0,1,0,1,0,0,0,0,0,0,0,0,0,1,0,0,0
281,3,28.0,0,0,7.8542,0,1,0,0,1,0,0,0,0,0,0,0,0,1,0,0,0
282,3,16.0,0,0,9.5,0,1,0,0,1,0,0,0,0,0,0,0,0,1,0,0,0
283,3,19.0,0,0,8.05,0,1,0,0,1,0,0,0,0,0,0,0,0,1,0,0,0
284,1,41.58045977011494,0,0,26.0,0,1,0,0,1,0,0,0,0,0,0,0,0,1,0,0,0
285,3,33.0,0,0,8.6625,0,1,1,0,0,0,0,0,0,0,0,0,0,1,0,0,0
286,3,30.0,0,0,9.5,0,1,0,0,1,0,0,0,0,0,0,0,0,1,0,0,0
287,3,22.0,0,0,7.8958,0,1,0,0,1,0,0,0,0,0,0,0,0,1,0,0,0
288,2,42.0,0,0,13.0,0,1,0,0,1,0,0,0,0,0,0,0,0,1,0,0,0
289,3,22.0,0,0,7.75,1,0,0,1,0,0,0,0,0,0,0,0,1,0,0,0,0
290,1,26.0,0,0,78.85,1,0,0,0,1,0,0,0,0,0,0,0,1,0,0,0,0
291,1,19.0,1,0,91.0792,1,0,1,0,0,0,0,0,0,0,0,0,0,0,1,0,0
292,2,36.0,0,0,12.875,0,1,1,0,0,0,0,0,0,0,0,0,0,1,0,0,0
293,3,24.0,0,0,8.85,1,0,0,0,1,0,0,0,0,0,0,0,1,0,0,0,0
294,3,24.0,0,0,7.8958,0,1,0,0,1,0,0,0,0,0,0,0,0,1,0,0,0
295,1,41.58045977011494,0,0,27.7208,0,1,1,0,0,0,0,0,0,0,0,0,0,1,0,0,0
296,3,23.5,0,0,7.2292,0,1,1,0,0,0,0,0,0,0,0,0,0,1,0,0,0
297,1,2.0,1,2,151.55,1,0,0,0,1,0,0,0,0,0,0,0,1,0,0,0,0
298,1,41.58045977011494,0,0,30.5,0,1,0,0,1,0,0,0,0,0,0,0,0,1,0,0,0
299,1,50.0,0,1,247.5208,1,0,1,0,0,0,0,0,0,0,0,0,0,0,1,0,0
300,3,16.1231884057971,0,0,7.75,1,0,0,1,0,0,0,0,0,0,0,0,1,0,0,0,0
301,3,28.724890829694324,2,0,23.25,0,1,0,1,0,0,0,0,0,0,0,0,0,1,0,0,0
302,3,19.0,0,0,0.0,0,1,0,0,1,0,0,0,0,0,0,0,0,1,0,0,0
303,2,22.390625,0,0,12.35,1,0,0,1,0,0,0,0,0,0,0,0,1,0,0,0,0
304,3,28.724890829694324,0,0,8.05,0,1,0,0,1,0,0,0,0,0,0,0,0,1,0,0,0
305,1,0.92,1,2,151.55,0,1,0,0,1,0,0,0,0,0,1,0,0,0,0,0,0
306,1,30.0,0,0,110.8833,1,0,1,0,0,0,0,0,0,0,0,0,1,0,0,0,0
307,1,17.0,1,0,108.9,1,0,1,0,0,0,0,0,0,0,0,0,0,0,1,0,0
308,2,30.0,1,0,24.0,0,1,1,0,0,0,0,0,0,0,0,0,0,1,0,0,0
309,1,30.0,0,0,56.9292,1,0,1,0,0,0,0,0,0,0,0,0,1,0,0,0,0
310,1,24.0,0,0,83.1583,1,0,1,0,0,0,0,0,0,0,0,0,1,0,0,0,0
311,1,18.0,2,2,262.375,1,0,1,0,0,0,0,0,0,0,0,0,1,0,0,0,0
312,2,26.0,1,1,26.0,1,0,0,0,1,0,0,0,0,0,0,0,0,0,1,0,0
313,3,28.0,0,0,7.8958,0,1,0,0,1,0,0,0,0,0,0,0,0,1,0,0,0
314,2,43.0,1,1,26.25,0,1,0,0,1,0,0,0,0,0,0,0,0,1,0,0,0
315,3,26.0,0,0,7.8542,1,0,0,0,1,0,0,0,0,0,0,0,1,0,0,0,0
316,2,24.0,1,0,26.0,1,0,0,0,1,0,0,0,0,0,0,0,0,0,1,0,0
317,2,54.0,0,0,14.0,0,1,0,0,1,0,0,0,1,0,0,0,0,0,0,0,0
318,1,31.0,0,2,164.8667,1,0,0,0,1,0,0,0,0,0,0,0,1,0,0,0,0
319,1,40.0,1,1,134.5,1,0,1,0,0,0,0,0,0,0,0,0,0,0,1,0,0
320,3,22.0,0,0,7.25,0,1,0,0,1,0,0,0,0,0,0,0,0,1,0,0,0
321,3,27.0,0,0,7.8958,0,1,0,0,1,0,0,0,0,0,0,0,0,1,0,0,0
322,2,30.0,0,0,12.35,1,0,0,1,0,0,0,0,0,0,0,0,1,0,0,0,0
323,2,22.0,1,1,29.0,1,0,0,0,1,0,0,0,0,0,0,0,0,0,1,0,0
324,3,28.724890829694324,8,2,69.55,0,1,0,0,1,0,0,0,0,0,0,0,0,1,0,0,0
325,1,36.0,0,0,135.6333,1,0,1,0,0,0,0,0,0,0,0,0,1,0,0,0,0
326,3,61.0,0,0,6.2375,0,1,0,0,1,0,0,0,0,0,0,0,0,1,0,0,0
327,2,36.0,0,0,13.0,1,0,0,0,1,0,0,0,0,0,0,0,0,0,1,0,0
328,3,31.0,1,1,20.525,1,0,0,0,1,0,0,0,0,0,0,0,0,0,1,0,0
329,1,16.0,0,1,57.9792,1,0,1,0,0,0,0,0,0,0,0,0,1,0,0,0,0
330,3,16.1231884057971,2,0,23.25,1,0,0,1,0,0,0,0,0,0,0,0,1,0,0,0,0
331,1,45.5,0,0,28.5,0,1,0,0,1,0,0,0,0,0,0,0,0,1,0,0,0
332,1,38.0,0,1,153.4625,0,1,0,0,1,0,0,0,0,0,0,0,0,1,0,0,0
333,3,16.0,2,0,18.0,0,1,0,0,1,0,0,0,0,0,0,0,0,1,0,0,0
334,1,40.88235294117647,1,0,133.65,1,0,0,0,1,0,0,0,0,0,0,0,0,0,1,0,0
335,3,28.724890829694324,0,0,7.8958,0,1,0,0,1,0,0,0,0,0,0,0,0,1,0,0,0
336,1,29.0,1,0,66.6,0,1,0,0,1,0,0,0,0,0,0,0,0,1,0,0,0
337,1,41.0,0,0,134.5,1,0,1,0,0,0,0,0,0,0,0,0,1,0,0,0,0
338,3,45.0,0,0,8.05,0,1,0,0,1,0,0,0,0,0,0,0,0,1,0,0,0
339,1,45.0,0,0,35.5,0,1,0,0,1,0,0,0,0,0,0,0,0,1,0,0,0
340,2,2.0,1,1,26.0,0,1,0,0,1,0,0,0,0,0,1,0,0,0,0,0,0
341,1,24.0,3,2,263.0,1,0,0,0,1,0,0,0,0,0,0,0,1,0,0,0,0
342,2,28.0,0,0,13.0,0,1,0,0,1,0,0,0,0,0,0,0,0,1,0,0,0
343,2,25.0,0,0,13.0,0,1,0,0,1,0,0,0,0,0,0,0,0,1,0,0,0
344,2,36.0,0,0,13.0,0,1,0,0,1,0,0,0,0,0,0,0,0,1,0,0,0
345,2,24.0,0,0,13.0,1,0,0,0,1,0,0,0,0,0,0,0,1,0,0,0,0
346,2,40.0,0,0,13.0,1,0,0,0,1,0,0,0,0,0,0,0,1,0,0,0,0
347,3,33.515151515151516,1,0,16.1,1,0,0,0,1,0,0,0,0,0,0,0,0,0,1,0,0
348,3,3.0,1,1,15.9,0,1,0,0,1,0,0,0,0,0,1,0,0,0,0,0,0
349,3,42.0,0,0,8.6625,0,1,0,0,1,0,0,0,0,0,0,0,0,1,0,0,0
350,3,23.0,0,0,9.225,0,1,0,0,1,0,0,0,0,0,0,0,0,1,0,0,0
351,1,41.58045977011494,0,0,35.0,0,1,0,0,1,0,0,0,0,0,0,0,0,1,0,0,0
352,3,15.0,1,1,7.2292,0,1,1,0,0,0,0,0,0,0,0,0,0,1,0,0,0
353,3,25.0,1,0,17.8,0,1,0,0,1,0,0,0,0,0,0,0,0,1,0,0,0
354,3,28.724890829694324,0,0,7.225,0,1,1,0,0,0,0,0,0,0,0,0,0,1,0,0,0
355,3,28.0,0,0,9.5,0,1,0,0,1,0,0,0,0,0,0,0,0,1,0,0,0
356,1,22.0,0,1,55.0,1,0,0,0,1,0,0,0,0,0,0,0,1,0,0,0,0
357,2,38.0,0,0,13.0,1,0,0,0,1,0,0,0,0,0,0,0,1,0,0,0,0
358,3,16.1231884057971,0,0,7.8792,1,0,0,1,0,0,0,0,0,0,0,0,1,0,0,0,0
359,3,16.1231884057971,0,0,7.8792,1,0,0,1,0,0,0,0,0,0,0,0,1,0,0,0,0
360,3,40.0,1,4,27.9,0,1,0,0,1,0,0,0,0,0,0,0,0,1,0,0,0
361,2,29.0,1,0,27.7208,0,1,1,0,0,0,0,0,0,0,0,0,0,1,0,0,0
362,3,45.0,0,1,14.4542,1,0,1,0,0,0,0,0,0,0,0,0,0,0,1,0,0
363,3,35.0,0,0,7.05,0,1,0,0,1,0,0,0,0,0,0,0,0,1,0,0,0
364,3,28.724890829694324,1,0,15.5,0,1,0,1,0,0,0,0,0,0,0,0,0,1,0,0,0
365,3,30.0,0,0,7.25,0,1,0,0,1,0,0,0,0,0,0,0,0,1,0,0,0
366,1,60.0,1,0,75.25,1,0,1,0,0,0,0,0,0,0,0,0,0,0,1,0,0
367,3,33.515151515151516,0,0,7.2292,1,0,1,0,0,0,0,0,0,0,0,0,0,0,1,0,0
368,3,16.1231884057971,0,0,7.75,1,0,0,1,0,0,0,0,0,0,0,0,1,0,0,0,0
369,1,24.0,0,0,69.3,1,0,1,0,0,0,0,0,0,0,0,1,0,0,0,0,0
370,1,25.0,1,0,55.4417,0,1,1,0,0,0,0,0,0,0,0,0,0,1,0,0,0
371,3,18.0,1,0,6.4958,0,1,0,0,1,0,0,0,0,0,0,0,0,1,0,0,0
372,3,19.0,0,0,8.05,0,1,0,0,1,0,0,0,0,0,0,0,0,1,0,0,0
373,1,22.0,0,0,135.6333,0,1,1,0,0,0,0,0,0,0,0,0,0,1,0,0,0
374,3,3.0,3,1,21.075,1,0,0,0,1,0,0,0,0,0,0,0,1,0,0,0,0
375,1,40.88235294117647,1,0,82.1708,1,0,1,0,0,0,0,0,0,0,0,0,0,0,1,0,0
376,3,22.0,0,0,7.25,1,0,0,0,1,0,0,0,0,0,0,0,1,0,0,0,0
377,1,27.0,0,2,211.5,0,1,1,0,0,0,0,0,0,0,0,0,0,1,0,0,0
378,3,20.0,0,0,4.0125,0,1,1,0,0,0,0,0,0,0,0,0,0,1,0,0,0
379,3,19.0,0,0,7.775,0,1,0,0,1,0,0,0,0,0,0,0,0,1,0,0,0
380,1,42.0,0,0,227.525,1,0,1,0,0,0,0,0,0,0,0,0,1,0,0,0,0
381,3,1.0,0,2,15.7417,1,0,1,0,0,0,0,0,0,0,0,0,1,0,0,0,0
382,3,32.0,0,0,7.925,0,1,0,0,1,0,0,0,0,0,0,0,0,1,0,0,0
383,1,35.0,1,0,52.0,1,0,0,0,1,0,0,0,0,0,0,0,0,0,1,0,0
384,3,28.724890829694324,0,0,7.8958,0,1,0,0,1,0,0,0,0,0,0,0,0,1,0,0,0
385,2,18.0,0,0,73.5,0,1,0,0,1,0,0,0,0,0,0,0,0,1,0,0,0
386,3,1.0,5,2,46.9,0,1,0,0,1,0,0,0,0,0,1,0,0,0,0,0,0
387,2,36.0,0,0,13.0,1,0,0,0,1,0,0,0,0,0,0,0,1,0,0,0,0
388,3,28.724890829694324,0,0,7.7292,0,1,0,1,0,0,0,0,0,0,0,0,0,1,0,0,0
389,2,17.0,0,0,12.0,1,0,1,0,0,0,0,0,0,0,0,0,1,0,0,0,0
390,1,36.0,1,2,120.0,0,1,0,0,1,0,0,0,0,0,0,0,0,1,0,0,0
391,3,21.0,0,0,7.7958,0,1,0,0,1,0,0,0,0,0,0,0,0,1,0,0,0
392,3,28.0,2,0,7.925,0,1,0,0,1,0,0,0,0,0,0,0,0,1,0,0,0
393,1,23.0,1,0,113.275,1,0,1,0,0,0,0,0,0,0,0,0,1,0,0,0,0
394,3,24.0,0,2,16.7,1,0,0,0,1,0,0,0,0,0,0,0,0,0,1,0,0
395,3,22.0,0,0,7.7958,0,1,0,0,1,0,0,0,0,0,0,0,0,1,0,0,0
396,3,31.0,0,0,7.8542,1,0,0,0,1,0,0,0,0,0,0,0,1,0,0,0,0
397,2,46.0,0,0,26.0,0,1,0,0,1,0,0,0,0,0,0,0,0,1,0,0,0
398,2,23.0,0,0,10.5,0,1,0,0,1,0,0,0,1,0,0,0,0,0,0,0,0
399,2,28.0,0,0,12.65,1,0,0,0,1,0,0,0,0,0,0,0,0,0,1,0,0
400,3,39.0,0,0,7.925,0,1,0,0,1,0,0,0,0,0,0,0,0,1,0,0,0
401,3,26.0,0,0,8.05,0,1,0,0,1,0,0,0,0,0,0,0,0,1,0,0,0
402,3,21.0,1,0,9.825,1,0,0,0,1,0,0,0,0,0,0,0,1,0,0,0,0
403,3,28.0,1,0,15.85,0,1,0,0,1,0,0,0,0,0,0,0,0,1,0,0,0
404,3,20.0,0,0,8.6625,1,0,0,0,1,0,0,0,0,0,0,0,1,0,0,0,0
405,2,34.0,1,0,21.0,0,1,0,0,1,0,0,0,0,0,0,0,0,1,0,0,0
406,3,51.0,0,0,7.75,0,1,0,0,1,0,0,0,0,0,0,0,0,1,0,0,0
407,2,3.0,1,1,18.75,0,1,0,0,1,0,0,0,0,0,1,0,0,0,0,0,0
408,3,21.0,0,0,7.775,0,1,0,0,1,0,0,0,0,0,0,0,0,1,0,0,0
409,3,16.1231884057971,3,1,25.4667,1,0,0,0,1,0,0,0,0,0,0,0,1,0,0,0,0
410,3,28.724890829694324,0,0,7.8958,0,1,0,0,1,0,0,0,0,0,0,0,0,1,0,0,0
411,3,28.724890829694324,0,0,6.8583,0,1,0,1,0,0,0,0,0,0,0,0,0,1,0,0,0
412,1,33.0,1,0,90.0,1,0,0,1,0,0,0,0,0,0,0,0,1,0,0,0,0
413,2,32.76829268292683,0,0,0.0,0,1,0,0,1,0,0,0,0,0,0,0,0,1,0,0,0
414,3,44.0,0,0,7.925,0,1,0,0,1,0,0,0,0,0,0,0,0,1,0,0,0
415,3,33.515151515151516,0,0,8.05,1,0,0,0,1,0,0,0,0,0,0,0,0,0,1,0,0
416,2,34.0,1,1,32.5,1,0,0,0,1,0,0,0,0,0,0,0,0,0,1,0,0
417,2,18.0,0,2,13.0,1,0,0,0,1,0,0,0,0,0,0,0,1,0,0,0,0
418,2,30.0,0,0,13.0,0,1,0,0,1,0,0,0,0,0,0,0,0,1,0,0,0
419,3,10.0,0,2,24.15,1,0,0,0,1,0,0,0,0,0,0,0,1,0,0,0,0
420,3,28.724890829694324,0,0,7.8958,0,1,1,0,0,0,0,0,0,0,0,0,0,1,0,0,0
421,3,21.0,0,0,7.7333,0,1,0,1,0,0,0,0,0,0,0,0,0,1,0,0,0
422,3,29.0,0,0,7.875,0,1,0,0,1,0,0,0,0,0,0,0,0,1,0,0,0
423,3,28.0,1,1,14.4,1,0,0,0,1,0,0,0,0,0,0,0,0,0,1,0,0
424,3,18.0,1,1,20.2125,0,1,0,0,1,0,0,0,0,0,0,0,0,1,0,0,0
425,3,28.724890829694324,0,0,7.25,0,1,0,0,1,0,0,0,0,0,0,0,0,1,0,0,0
426,2,28.0,1,0,26.0,1,0,0,0,1,0,0,0,0,0,0,0,0,0,1,0,0
427,2,19.0,0,0,26.0,1,0,0,0,1,0,0,0,0,0,0,0,1,0,0,0,0
428,3,28.724890829694324,0,0,7.75,0,1,0,1,0,0,0,0,0,0,0,0,0,1,0,0,0
429,3,32.0,0,0,8.05,0,1,0,0,1,0,0,0,0,0,0,0,0,1,0,0,0
430,1,28.0,0,0,26.55,0,1,0,0,1,0,0,0,0,0,0,0,0,1,0,0,0
431,3,33.515151515151516,1,0,16.1,1,0,0,0,1,0,0,0,0,0,0,0,0,0,1,0,0
432,2,42.0,1,0,26.0,1,0,0,0,1,0,0,0,0,0,0,0,0,0,1,0,0
433,3,17.0,0,0,7.125,0,1,0,0,1,0,0,0,0,0,0,0,0,1,0,0,0
434,1,50.0,1,0,55.9,0,1,0,0,1,0,0,0,0,0,0,0,0,1,0,0,0
435,1,14.0,1,2,120.0,1,0,0,0,1,0,0,0,0,0,0,0,1,0,0,0,0
436,3,21.0,2,2,34.375,1,0,0,0,1,0,0,0,0,0,0,0,1,0,0,0,0
437,2,24.0,2,3,18.75,1,0,0,0,1,0,0,0,0,0,0,0,0,0,1,0,0
438,1,64.0,1,4,263.0,0,1,0,0,1,0,0,0,0,0,0,0,0,1,0,0,0
439,2,31.0,0,0,10.5,0,1,0,0,1,0,0,0,0,0,0,0,0,1,0,0,0
440,2,45.0,1,1,26.25,1,0,0,0,1,0,0,0,0,0,0,0,0,0,1,0,0
441,3,20.0,0,0,9.5,0,1,0,0,1,0,0,0,0,0,0,0,0,1,0,0,0
442,3,25.0,1,0,7.775,0,1,0,0,1,0,0,0,0,0,0,0,0,1,0,0,0
443,2,28.0,0,0,13.0,1,0,0,0,1,0,0,0,0,0,0,0,0,0,0,1,0
444,3,28.724890829694324,0,0,8.1125,0,1,0,0,1,0,0,0,0,0,0,0,0,1,0,0,0
445,1,4.0,0,2,81.8583,0,1,0,0,1,0,0,0,0,0,1,0,0,0,0,0,0
446,2,13.0,0,1,19.5,1,0,0,0,1,0,0,0,0,0,0,0,1,0,0,0,0
447,1,34.0,0,0,26.55,0,1,0,0,1,0,0,0,0,0,0,0,0,1,0,0,0
448,3,5.0,2,1,19.2583,1,0,1,0,0,0,0,0,0,0,0,0,1,0,0,0,0
449,1,52.0,0,0,30.5,0,1,0,0,1,0,0,0,0,1,0,0,0,0,0,0,0
450,2,36.0,1,2,27.75,0,1,0,0,1,0,0,0,0,0,0,0,0,1,0,0,0
451,3,28.724890829694324,1,0,19.9667,0,1,0,0,1,0,0,0,0,0,0,0,0,1,0,0,0
452,1,30.0,0,0,27.75,0,1,1,0,0,0,0,0,0,0,0,0,0,1,0,0,0
453,1,49.0,1,0,89.1042,0,1,1,0,0,0,0,0,0,0,0,0,0,1,0,0,0
454,3,28.724890829694324,0,0,8.05,0,1,0,0,1,0,0,0,0,0,0,0,0,1,0,0,0
455,3,29.0,0,0,7.8958,0,1,1,0,0,0,0,0,0,0,0,0,0,1,0,0,0
456,1,65.0,0,0,26.55,0,1,0,0,1,0,0,0,0,0,0,0,0,1,0,0,0
457,1,40.88235294117647,1,0,51.8625,1,0,0,0,1,0,0,0,0,0,0,0,0,0,1,0,0
458,2,50.0,0,0,10.5,1,0,0,0,1,0,0,0,0,0,0,0,1,0,0,0,0
459,3,28.724890829694324,0,0,7.75,0,1,0,1,0,0,0,0,0,0,0,0,0,1,0,0,0
460,1,48.0,0,0,26.55,0,1,0,0,1,0,0,0,0,0,0,0,0,1,0,0,0
461,3,34.0,0,0,8.05,0,1,0,0,1,0,0,0,0,0,0,0,0,1,0,0,0
462,1,47.0,0,0,38.5,0,1,0,0,1,0,0,0,0,0,0,0,0,1,0,0,0
463,2,48.0,0,0,13.0,0,1,0,0,1,0,0,0,0,0,0,0,0,1,0,0,0
464,3,28.724890829694324,0,0,8.05,0,1,0,0,1,0,0,0,0,0,0,0,0,1,0,0,0
465,3,38.0,0,0,7.05,0,1,0,0,1,0,0,0,0,0,0,0,0,1,0,0,0
466,2,32.76829268292683,0,0,0.0,0,1,0,0,1,0,0,0,0,0,0,0,0,1,0,0,0
467,1,56.0,0,0,26.55,0,1,0,0,1,0,0,0,0,0,0,0,0,1,0,0,0
468,3,28.724890829694324,0,0,7.725,0,1,0,1,0,0,0,0,0,0,0,0,0,1,0,0,0
469,3,0.75,2,1,19.2583,1,0,1,0,0,0,0,0,0,0,0,0,1,0,0,0,0
470,3,28.724890829694324,0,0,7.25,0,1,0,0,1,0,0,0,0,0,0,0,0,1,0,0,0
471,3,38.0,0,0,8.6625,0,1,0,0,1,0,0,0,0,0,0,0,0,1,0,0,0
472,2,33.0,1,2,27.75,1,0,0,0,1,0,0,0,0,0,0,0,0,0,1,0,0
473,2,23.0,0,0,13.7917,1,0,1,0,0,0,0,0,0,0,0,0,0,0,1,0,0
474,3,22.0,0,0,9.8375,1,0,0,0,1,0,0,0,0,0,0,0,1,0,0,0,0
475,1,41.58045977011494,0,0,52.0,0,1,0,0,1,0,0,0,0,0,0,0,0,1,0,0,0
476,2,34.0,1,0,21.0,0,1,0,0,1,0,0,0,0,0,0,0,0,1,0,0,0
477,3,29.0,1,0,7.0458,0,1,0,0,1,0,0,0,0,0,0,0,0,1,0,0,0
478,3,22.0,0,0,7.5208,0,1,0,0,1,0,0,0,0,0,0,0,0,1,0,0,0
479,3,2.0,0,1,12.2875,1,0,0,0,1,0,0,0,0,0,0,0,1,0,0,0,0
480,3,9.0,5,2,46.9,0,1,0,0,1,0,0,0,0,0,1,0,0,0,0,0,0
481,2,32.76829268292683,0,0,0.0,0,1,0,0,1,0,0,0,0,0,0,0,0,1,0,0,0
482,3,50.0,0,0,8.05,0,1,0,0,1,0,0,0,0,0,0,0,0,1,0,0,0
483,3,63.0,0,0,9.5875,1,0,0,0,1,0,0,0,0,0,0,0,0,0,1,0,0
484,1,25.0,1,0,91.0792,0,1,1,0,0,0,0,0,0,0,0,0,0,1,0,0,0
485,3,16.1231884057971,3,1,25.4667,1,0,0,0,1,0,0,0,0,0,0,0,1,0,0,0,0
486,1,35.0,1,0,90.0,1,0,0,0,1,0,0,0,0,0,0,0,0,0,1,0,0
487,1,58.0,0,0,29.7,0,1,1,0,0,0,0,0,0,0,0,0,0,1,0,0,0
488,3,30.0,0,0,8.05,0,1,0,0,1,0,0,0,0,0,0,0,0,1,0,0,0
489,3,9.0,1,1,15.9,0,1,0,0,1,0,0,0,0,0,1,0,0,0,0,0,0
490,3,28.724890829694324,1,0,19.9667,0,1,0,0,1,0,0,0,0,0,0,0,0,1,0,0,0
491,3,21.0,0,0,7.25,0,1,0,0,1,0,0,0,0,0,0,0,0,1,0,0,0
492,1,55.0,0,0,30.5,0,1,0,0,1,0,0,0,0,0,0,0,0,1,0,0,0
493,1,71.0,0,0,49.5042,0,1,1,0,0,0,0,0,0,0,0,0,0,1,0,0,0
494,3,21.0,0,0,8.05,0,1,0,0,1,0,0,0,0,0,0,0,0,1,0,0,0
495,3,28.724890829694324,0,0,14.4583,0,1,1,0,0,0,0,0,0,0,0,0,0,1,0,0,0
496,1,54.0,1,0,78.2667,1,0,1,0,0,0,0,0,0,0,0,0,1,0,0,0,0
497,3,28.724890829694324,0,0,15.1,0,1,0,0,1,0,0,0,0,0,0,0,0,1,0,0,0
498,1,25.0,1,2,151.55,1,0,0,0,1,0,0,0,0,0,0,0,0,0,1,0,0
499,3,24.0,0,0,7.7958,0,1,0,0,1,0,0,0,0,0,0,0,0,1,0,0,0
500,3,17.0,0,0,8.6625,0,1,0,0,1,0,0,0,0,0,0,0,0,1,0,0,0
501,3,21.0,0,0,7.75,1,0,0,1,0,0,0,0,0,0,0,0,1,0,0,0,0
502,3,16.1231884057971,0,0,7.6292,1,0,0,1,0,0,0,0,0,0,0,0,1,0,0,0,0
503,3,37.0,0,0,9.5875,1,0,0,0,1,0,0,0,0,0,0,0,1,0,0,0,0
504,1,16.0,0,0,86.5,1,0,0,0,1,0,0,0,0,0,0,0,1,0,0,0,0
505,1,18.0,1,0,108.9,0,1,1,0,0,0,0,0,0,0,0,0,0,1,0,0,0
506,2,33.0,0,2,26.0,1,0,0,0,1,0,0,0,0,0,0,0,0,0,1,0,0
507,1,41.58045977011494,0,0,26.55,0,1,0,0,1,0,0,0,0,0,0,0,0,1,0,0,0
508,3,28.0,0,0,22.525,0,1,0,0,1,0,0,0,0,0,0,0,0,1,0,0,0
509,3,26.0,0,0,56.4958,0,1,0,0,1,0,0,0,0,0,0,0,0,1,0,0,0
510,3,29.0,0,0,7.75,0,1,0,1,0,0,0,0,0,0,0,0,0,1,0,0,0
511,3,28.724890829694324,0,0,8.05,0,1,0,0,1,0,0,0,0,0,0,0,0,1,0,0,0
512,1,36.0,0,0,26.2875,0,1,0,0,1,0,0,0,0,0,0,0,0,1,0,0,0
513,1,54.0,1,0,59.4,1,0,1,0,0,0,0,0,0,0,0,0,0,0,1,0,0
514,3,24.0,0,0,7.4958,0,1,0,0,1,0,0,0,0,0,0,0,0,1,0,0,0
515,1,47.0,0,0,34.0208,0,1,0,0,1,0,0,0,0,0,0,0,0,1,0,0,0
516,2,34.0,0,0,10.5,1,0,0,0,1,0,0,0,0,0,0,0,0,0,1,0,0
517,3,28.724890829694324,0,0,24.15,0,1,0,1,0,0,0,0,0,0,0,0,0,1,0,0,0
518,2,36.0,1,0,26.0,1,0,0,0,1,0,0,0,0,0,0,0,0,0,1,0,0
519,3,32.0,0,0,7.8958,0,1,0,0,1,0,0,0,0,0,0,0,0,1,0,0,0
520,1,30.0,0,0,93.5,1,0,0,0,1,0,0,0,0,0,0,0,1,0,0,0,0
521,3,22.0,0,0,7.8958,0,1,0,0,1,0,0,0,0,0,0,0,0,1,0,0,0
522,3,28.724890829694324,0,0,7.225,0,1,1,0,0,0,0,0,0,0,0,0,0,1,0,0,0
523,1,44.0,0,1,57.9792,1,0,1,0,0,0,0,0,0,0,0,0,0,0,1,0,0
524,3,28.724890829694324,0,0,7.2292,0,1,1,0,0,0,0,0,0,0,0,0,0,1,0,0,0
525,3,40.5,0,0,7.75,0,1,0,1,0,0,0,0,0,0,0,0,0,1,0,0,0
526,2,50.0,0,0,10.5,1,0,0,0,1,0,0,0,0,0,0,0,1,0,0,0,0
527,1,41.58045977011494,0,0,221.7792,0,1,0,0,1,0,0,0,0,0,0,0,0,1,0,0,0
528,3,39.0,0,0,7.925,0,1,0,0,1,0,0,0,0,0,0,0,0,1,0,0,0
529,2,23.0,2,1,11.5,0,1,0,0,1,0,0,0,0,0,0,0,0,1,0,0,0
530,2,2.0,1,1,26.0,1,0,0,0,1,0,0,0,0,0,0,0,1,0,0,0,0
531,3,28.724890829694324,0,0,7.2292,0,1,1,0,0,0,0,0,0,0,0,0,0,1,0,0,0
532,3,17.0,1,1,7.2292,0,1,1,0,0,0,0,0,0,0,0,0,0,1,0,0,0
533,3,33.515151515151516,0,2,22.3583,1,0,1,0,0,0,0,0,0,0,0,0,0,0,1,0,0
534,3,30.0,0,0,8.6625,1,0,0,0,1,0,0,0,0,0,0,0,1,0,0,0,0
535,2,7.0,0,2,26.25,1,0,0,0,1,0,0,0,0,0,0,0,1,0,0,0,0
536,1,45.0,0,0,26.55,0,1,0,0,1,0,0,0,0,1,0,0,0,0,0,0,0
537,1,30.0,0,0,106.425,1,0,1,0,0,0,0,0,0,0,0,0,1,0,0,0,0
538,3,28.724890829694324,0,0,14.5,0,1,0,0,1,0,0,0,0,0,0,0,0,1,0,0,0
539,1,22.0,0,2,49.5,1,0,1,0,0,0,0,0,0,0,0,0,1,0,0,0,0
540,1,36.0,0,2,71.0,1,0,0,0,1,0,0,0,0,0,0,0,1,0,0,0,0
541,3,9.0,4,2,31.275,1,0,0,0,1,0,0,0,0,0,0,0,1,0,0,0,0
542,3,11.0,4,2,31.275,1,0,0,0,1,0,0,0,0,0,0,0,1,0,0,0,0
543,2,32.0,1,0,26.0,0,1,0,0,1,0,0,0,0,0,0,0,0,1,0,0,0
544,1,50.0,1,0,106.425,0,1,1,0,0,0,0,0,0,0,0,0,0,1,0,0,0
545,1,64.0,0,0,26.0,0,1,0,0,1,0,0,0,0,0,0,0,0,1,0,0,0
546,2,19.0,1,0,26.0,1,0,0,0,1,0,0,0,0,0,0,0,0,0,1,0,0
547,2,32.76829268292683,0,0,13.8625,0,1,1,0,0,0,0,0,0,0,0,0,0,1,0,0,0
548,3,33.0,1,1,20.525,0,1,0,0,1,0,0,0,0,0,0,0,0,1,0,0,0
549,2,8.0,1,1,36.75,0,1,0,0,1,0,0,0,0,0,1,0,0,0,0,0,0
550,1,17.0,0,2,110.8833,0,1,1,0,0,0,0,0,0,0,0,0,0,1,0,0,0
551,2,27.0,0,0,26.0,0,1,0,0,1,0,0,0,0,0,0,0,0,1,0,0,0
552,3,28.724890829694324,0,0,7.8292,0,1,0,1,0,0,0,0,0,0,0,0,0,1,0,0,0
553,3,22.0,0,0,7.225,0,1,1,0,0,0,0,0,0,0,0,0,0,1,0,0,0
554,3,22.0,0,0,7.775,1,0,0,0,1,0,0,0,0,0,0,0,1,0,0,0,0
555,1,62.0,0,0,26.55,0,1,0,0,1,0,0,0,0,0,0,0,0,1,0,0,0
556,1,48.0,1,0,39.6,1,0,1,0,0,0,0,0,0,0,0,1,0,0,0,0,0
557,1,41.58045977011494,0,0,227.525,0,1,1,0,0,0,0,0,0,0,0,0,0,1,0,0,0
558,1,39.0,1,1,79.65,1,0,0,0,1,0,0,0,0,0,0,0,0,0,1,0,0
559,3,36.0,1,0,17.4,1,0,0,0,1,0,0,0,0,0,0,0,0,0,1,0,0
560,3,28.724890829694324,0,0,7.75,0,1,0,1,0,0,0,0,0,0,0,0,0,1,0,0,0
561,3,40.0,0,0,7.8958,0,1,0,0,1,0,0,0,0,0,0,0,0,1,0,0,0
562,2,28.0,0,0,13.5,0,1,0,0,1,0,0,0,0,0,0,0,0,1,0,0,0
563,3,28.724890829694324,0,0,8.05,0,1,0,0,1,0,0,0,0,0,0,0,0,1,0,0,0
564,3,16.1231884057971,0,0,8.05,1,0,0,0,1,0,0,0,0,0,0,0,1,0,0,0,0
565,3,24.0,2,0,24.15,0,1,0,0,1,0,0,0,0,0,0,0,0,1,0,0,0
566,3,19.0,0,0,7.8958,0,1,0,0,1,0,0,0,0,0,0,0,0,1,0,0,0
567,3,29.0,0,4,21.075,1,0,0,0,1,0,0,0,0,0,0,0,0,0,1,0,0
568,3,28.724890829694324,0,0,7.2292,0,1,1,0,0,0,0,0,0,0,0,0,0,1,0,0,0
569,3,32.0,0,0,7.8542,0,1,0,0,1,0,0,0,0,0,0,0,0,1,0,0,0
570,2,62.0,0,0,10.5,0,1,0,0,1,0,0,0,0,0,0,0,0,1,0,0,0
571,1,53.0,2,0,51.4792,1,0,0,0,1,0,0,0,0,0,0,0,0,0,1,0,0
572,1,36.0,0,0,26.3875,0,1,0,0,1,0,0,0,0,0,0,0,0,1,0,0,0
573,3,16.1231884057971,0,0,7.75,1,0,0,1,0,0,0,0,0,0,0,0,1,0,0,0,0
574,3,16.0,0,0,8.05,0,1,0,0,1,0,0,0,0,0,0,0,0,1,0,0,0
575,3,19.0,0,0,14.5,0,1,0,0,1,0,0,0,0,0,0,0,0,1,0,0,0
576,2,34.0,0,0,13.0,1,0,0,0,1,0,0,0,0,0,0,0,1,0,0,0,0
577,1,39.0,1,0,55.9,1,0,0,0,1,0,0,0,0,0,0,0,0,0,1,0,0
578,3,33.515151515151516,1,0,14.4583,1,0,1,0,0,0,0,0,0,0,0,0,0,0,1,0,0
579,3,32.0,0,0,7.925,0,1,0,0,1,0,0,0,0,0,0,0,0,1,0,0,0
580,2,25.0,1,1,30.0,1,0,0,0,1,0,0,0,0,0,0,0,1,0,0,0,0
581,1,39.0,1,1,110.8833,1,0,1,0,0,0,0,0,0,0,0,0,0,0,1,0,0
582,2,54.0,0,0,26.0,0,1,0,0,1,0,0,0,0,0,0,0,0,1,0,0,0
583,1,36.0,0,0,40.125,0,1,1,0,0,0,0,0,0,0,0,0,0,1,0,0,0
584,3,28.724890829694324,0,0,8.7125,0,1,1,0,0,0,0,0,0,0,0,0,0,1,0,0,0
585,1,18.0,0,2,79.65,1,0,0,0,1,0,0,0,0,0,0,0,1,0,0,0,0
586,2,47.0,0,0,15.0,0,1,0,0,1,0,0,0,0,0,0,0,0,1,0,0,0
587,1,60.0,1,1,79.2,0,1,1,0,0,0,0,0,0,0,0,0,0,1,0,0,0
588,3,22.0,0,0,8.05,0,1,0,0,1,0,0,0,0,0,0,0,0,1,0,0,0
589,3,28.724890829694324,0,0,8.05,0,1,0,0,1,0,0,0,0,0,0,0,0,1,0,0,0
590,3,35.0,0,0,7.125,0,1,0,0,1,0,0,0,0,0,0,0,0,1,0,0,0
591,1,52.0,1,0,78.2667,1,0,1,0,0,0,0,0,0,0,0,0,0,0,1,0,0
592,3,47.0,0,0,7.25,0,1,0,0,1,0,0,0,0,0,0,0,0,1,0,0,0
593,3,16.1231884057971,0,2,7.75,1,0,0,1,0,0,0,0,0,0,0,0,1,0,0,0,0
594,2,37.0,1,0,26.0,0,1,0,0,1,0,0,0,0,0,0,0,0,1,0,0,0
595,3,36.0,1,1,24.15,0,1,0,0,1,0,0,0,0,0,0,0,0,1,0,0,0
596,2,22.390625,0,0,33.0,1,0,0,0,1,0,0,0,0,0,0,0,1,0,0,0,0
597,3,49.0,0,0,0.0,0,1,0,0,1,0,0,0,0,0,0,0,0,1,0,0,0
598,3,28.724890829694324,0,0,7.225,0,1,1,0,0,0,0,0,0,0,0,0,0,1,0,0,0
599,1,49.0,1,0,56.9292,0,1,1,0,0,0,0,0,0,0,0,1,0,0,0,0,0
600,2,24.0,2,1,27.0,1,0,0,0,1,0,0,0,0,0,0,0,0,0,1,0,0
601,3,28.724890829694324,0,0,7.8958,0,1,0,0,1,0,0,0,0,0,0,0,0,1,0,0,0
602,1,41.58045977011494,0,0,42.4,0,1,0,0,1,0,0,0,0,0,0,0,0,1,0,0,0
603,3,44.0,0,0,8.05,0,1,0,0,1,0,0,0,0,0,0,0,0,1,0,0,0
604,1,35.0,0,0,26.55,0,1,1,0,0,0,0,0,0,0,0,0,0,1,0,0,0
605,3,36.0,1,0,15.55,0,1,0,0,1,0,0,0,0,0,0,0,0,1,0,0,0
606,3,30.0,0,0,7.8958,0,1,0,0,1,0,0,0,0,0,0,0,0,1,0,0,0
607,1,27.0,0,0,30.5,0,1,0,0,1,0,0,0,0,0,0,0,0,1,0,0,0
608,2,22.0,1,2,41.5792,1,0,1,0,0,0,0,0,0,0,0,0,0,0,1,0,0
609,1,40.0,0,0,153.4625,1,0,0,0,1,0,0,0,0,0,0,0,1,0,0,0,0
610,3,39.0,1,5,31.275,1,0,0,0,1,0,0,0,0,0,0,0,0,0,1,0,0
611,3,28.724890829694324,0,0,7.05,0,1,0,0,1,0,0,0,0,0,0,0,0,1,0,0,0
612,3,16.1231884057971,1,0,15.5,1,0,0,1,0,0,0,0,0,0,0,0,1,0,0,0,0
613,3,28.724890829694324,0,0,7.75,0,1,0,1,0,0,0,0,0,0,0,0,0,1,0,0,0
614,3,35.0,0,0,8.05,0,1,0,0,1,0,0,0,0,0,0,0,0,1,0,0,0
615,2,24.0,1,2,65.0,1,0,0,0,1,0,0,0,0,0,0,0,1,0,0,0,0
616,3,34.0,1,1,14.4,0,1,0,0,1,0,0,0,0,0,0,0,0,1,0,0,0
617,3,26.0,1,0,16.1,1,0,0,0,1,0,0,0,0,0,0,0,0,0,1,0,0
618,2,4.0,2,1,39.0,1,0,0,0,1,0,0,0,0,0,0,0,1,0,0,0,0
619,2,26.0,0,0,10.5,0,1,0,0,1,0,0,0,0,0,0,0,0,1,0,0,0
620,3,27.0,1,0,14.4542,0,1,1,0,0,0,0,0,0,0,0,0,0,1,0,0,0
621,1,42.0,1,0,52.5542,0,1,0,0,1,0,0,0,0,0,0,0,0,1,0,0,0
622,3,20.0,1,1,15.7417,0,1,1,0,0,0,0,0,0,0,0,0,0,1,0,0,0
623,3,21.0,0,0,7.8542,0,1,0,0,1,0,0,0,0,0,0,0,0,1,0,0,0
624,3,21.0,0,0,16.1,0,1,0,0,1,0,0,0,0,0,0,0,0,1,0,0,0
625,1,61.0,0,0,32.3208,0,1,0,0,1,0,0,0,0,0,0,0,0,1,0,0,0
626,2,57.0,0,0,12.35,0,1,0,1,0,0,0,0,0,0,0,0,0,0,0,0,1
627,1,21.0,0,0,77.9583,1,0,0,0,1,0,0,0,0,0,0,0,1,0,0,0,0
628,3,26.0,0,0,7.8958,0,1,0,0,1,0,0,0,0,0,0,0,0,1,0,0,0
629,3,28.724890829694324,0,0,7.7333,0,1,0,1,0,0,0,0,0,0,0,0,0,1,0,0,0
630,1,80.0,0,0,30.0,0,1,0,0,1,0,0,0,0,0,0,0,0,1,0,0,0
631,3,51.0,0,0,7.0542,0,1,0,0,1,0,0,0,0,0,0,0,0,1,0,0,0
632,1,32.0,0,0,30.5,0,1,1,0,0,0,0,0,1,0,0,0,0,0,0,0,0
633,1,41.58045977011494,0,0,0.0,0,1,0,0,1,0,0,0,0,0,0,0,0,1,0,0,0
634,3,9.0,3,2,27.9,1,0,0,0,1,0,0,0,0,0,0,0,1,0,0,0,0
635,2,28.0,0,0,13.0,1,0,0,0,1,0,0,0,0,0,0,0,1,0,0,0,0
636,3,32.0,0,0,7.925,0,1,0,0,1,0,0,0,0,0,0,0,0,1,0,0,0
637,2,31.0,1,1,26.25,0,1,0,0,1,0,0,0,0,0,0,0,0,1,0,0,0
638,3,41.0,0,5,39.6875,1,0,0,0,1,0,0,0,0,0,0,0,0,0,1,0,0
639,3,28.724890829694324,1,0,16.1,0,1,0,0,1,0,0,0,0,0,0,0,0,1,0,0,0
640,3,20.0,0,0,7.8542,0,1,0,0,1,0,0,0,0,0,0,0,0,1,0,0,0
641,1,24.0,0,0,69.3,1,0,1,0,0,0,0,0,0,0,0,1,0,0,0,0,0
642,3,2.0,3,2,27.9,1,0,0,0,1,0,0,0,0,0,0,0,1,0,0,0,0
643,3,28.724890829694324,0,0,56.4958,0,1,0,0,1,0,0,0,0,0,0,0,0,1,0,0,0
644,3,0.75,2,1,19.2583,1,0,1,0,0,0,0,0,0,0,0,0,1,0,0,0,0
645,1,48.0,1,0,76.7292,0,1,1,0,0,0,0,0,0,0,0,0,0,1,0,0,0
646,3,19.0,0,0,7.8958,0,1,0,0,1,0,0,0,0,0,0,0,0,1,0,0,0
647,1,56.0,0,0,35.5,0,1,1,0,0,0,1,0,0,0,0,0,0,0,0,0,0
648,3,28.724890829694324,0,0,7.55,0,1,0,0,1,0,0,0,0,0,0,0,0,1,0,0,0
649,3,23.0,0,0,7.55,1,0,0,0,1,0,0,0,0,0,0,0,1,0,0,0,0
650,3,28.724890829694324,0,0,7.8958,0,1,0,0,1,0,0,0,0,0,0,0,0,1,0,0,0
651,2,18.0,0,1,23.0,1,0,0,0,1,0,0,0,0,0,0,0,1,0,0,0,0
652,3,21.0,0,0,8.4333,0,1,0,0,1,0,0,0,0,0,0,0,0,1,0,0,0
653,3,16.1231884057971,0,0,7.8292,1,0,0,1,0,0,0,0,0,0,0,0,1,0,0,0,0
654,3,18.0,0,0,6.75,1,0,0,1,0,0,0,0,0,0,0,0,1,0,0,0,0
655,2,24.0,2,0,73.5,0,1,0,0,1,0,0,0,0,0,0,0,0,1,0,0,0
656,3,28.724890829694324,0,0,7.8958,0,1,0,0,1,0,0,0,0,0,0,0,0,1,0,0,0
657,3,32.0,1,1,15.5,1,0,0,1,0,0,0,0,0,0,0,0,0,0,1,0,0
658,2,23.0,0,0,13.0,0,1,0,0,1,0,0,0,0,0,0,0,0,1,0,0,0
659,1,58.0,0,2,113.275,0,1,1,0,0,0,0,0,0,0,0,0,0,1,0,0,0
660,1,50.0,2,0,133.65,0,1,0,0,1,0,0,0,1,0,0,0,0,0,0,0,0
661,3,40.0,0,0,7.225,0,1,1,0,0,0,0,0,0,0,0,0,0,1,0,0,0
662,1,47.0,0,0,25.5875,0,1,0,0,1,0,0,0,0,0,0,0,0,1,0,0,0
663,3,36.0,0,0,7.4958,0,1,0,0,1,0,0,0,0,0,0,0,0,1,0,0,0
664,3,20.0,1,0,7.925,0,1,0,0,1,0,0,0,0,0,0,0,0,1,0,0,0
665,2,32.0,2,0,73.5,0,1,0,0,1,0,0,0,0,0,0,0,0,1,0,0,0
666,2,25.0,0,0,13.0,0,1,0,0,1,0,0,0,0,0,0,0,0,1,0,0,0
667,3,28.724890829694324,0,0,7.775,0,1,0,0,1,0,0,0,0,0,0,0,0,1,0,0,0
668,3,43.0,0,0,8.05,0,1,0,0,1,0,0,0,0,0,0,0,0,1,0,0,0
669,1,40.88235294117647,1,0,52.0,1,0,0,0,1,0,0,0,0,0,0,0,0,0,1,0,0
670,2,40.0,1,1,39.0,1,0,0,0,1,0,0,0,0,0,0,0,0,0,1,0,0
671,1,31.0,1,0,52.0,0,1,0,0,1,0,0,0,0,0,0,0,0,1,0,0,0
672,2,70.0,0,0,10.5,0,1,0,0,1,0,0,0,0,0,0,0,0,1,0,0,0
673,2,31.0,0,0,13.0,0,1,0,0,1,0,0,0,0,0,0,0,0,1,0,0,0
674,2,32.76829268292683,0,0,0.0,0,1,0,0,1,0,0,0,0,0,0,0,0,1,0,0,0
675,3,18.0,0,0,7.775,0,1,0,0,1,0,0,0,0,0,0,0,0,1,0,0,0
676,3,24.5,0,0,8.05,0,1,0,0,1,0,0,0,0,0,0,0,0,1,0,0,0
677,3,18.0,0,0,9.8417,1,0,0,0,1,0,0,0,0,0,0,0,1,0,0,0,0
678,3,43.0,1,6,46.9,1,0,0,0,1,0,0,0,0,0,0,0,0,0,1,0,0
679,1,36.0,0,1,512.3292,0,1,1,0,0,0,0,0,0,0,0,0,0,1,0,0,0
680,3,16.1231884057971,0,0,8.1375,1,0,0,1,0,0,0,0,0,0,0,0,1,0,0,0,0
681,1,27.0,0,0,76.7292,0,1,1,0,0,0,0,0,0,0,0,0,0,1,0,0,0
682,3,20.0,0,0,9.225,0,1,0,0,1,0,0,0,0,0,0,0,0,1,0,0,0
683,3,14.0,5,2,46.9,0,1,0,0,1,0,0,0,0,0,0,0,0,1,0,0,0
684,2,60.0,1,1,39.0,0,1,0,0,1,0,0,0,0,0,0,0,0,1,0,0,0
685,2,25.0,1,2,41.5792,0,1,1,0,0,0,0,0,0,0,0,0,0,1,0,0,0
686,3,14.0,4,1,39.6875,0,1,0,0,1,0,0,0,0,0,0,0,0,1,0,0,0
687,3,19.0,0,0,10.1708,0,1,0,0,1,0,0,0,0,0,0,0,0,1,0,0,0
688,3,18.0,0,0,7.7958,0,1,0,0,1,0,0,0,0,0,0,0,0,1,0,0,0
689,1,15.0,0,1,211.3375,1,0,0,0,1,0,0,0,0,0,0,0,1,0,0,0,0
690,1,31.0,1,0,57.0,0,1,0,0,1,0,0,0,0,0,0,0,0,1,0,0,0
691,3,4.0,0,1,13.4167,1,0,1,0,0,0,0,0,0,0,0,0,1,0,0,0,0
692,3,28.724890829694324,0,0,56.4958,0,1,0,0,1,0,0,0,0,0,0,0,0,1,0,0,0
693,3,25.0,0,0,7.225,0,1,1,0,0,0,0,0,0,0,0,0,0,1,0,0,0
694,1,60.0,0,0,26.55,0,1,0,0,1,0,1,0,0,0,0,0,0,0,0,0,0
695,2,52.0,0,0,13.5,0,1,0,0,1,0,0,0,0,0,0,0,0,1,0,0,0
696,3,44.0,0,0,8.05,0,1,0,0,1,0,0,0,0,0,0,0,0,1,0,0,0
697,3,16.1231884057971,0,0,7.7333,1,0,0,1,0,0,0,0,0,0,0,0,1,0,0,0,0
698,1,49.0,1,1,110.8833,0,1,1,0,0,0,0,0,0,0,0,0,0,1,0,0,0
699,3,42.0,0,0,7.65,0,1,0,0,1,0,0,0,0,0,0,0,0,1,0,0,0
700,1,18.0,1,0,227.525,1,0,1,0,0,0,0,0,0,0,0,0,0,0,1,0,0
701,1,35.0,0,0,26.2875,0,1,0,0,1,0,0,0,0,0,0,0,0,1,0,0,0
702,3,18.0,0,1,14.4542,1,0,1,0,0,0,0,0,0,0,0,0,1,0,0,0,0
703,3,25.0,0,0,7.7417,0,1,0,1,0,0,0,0,0,0,0,0,0,1,0,0,0
704,3,26.0,1,0,7.8542,0,1,0,0,1,0,0,0,0,0,0,0,0,1,0,0,0
705,2,39.0,0,0,26.0,0,1,0,0,1,0,0,0,0,0,0,0,0,1,0,0,0
706,2,45.0,0,0,13.5,1,0,0,0,1,0,0,0,0,0,0,0,0,0,1,0,0
707,1,42.0,0,0,26.2875,0,1,0,0,1,0,0,0,0,0,0,0,0,1,0,0,0
708,1,22.0,0,0,151.55,1,0,0,0,1,0,0,0,0,0,0,0,1,0,0,0,0
709,3,5.350833333333334,1,1,15.2458,0,1,1,0,0,0,0,0,0,0,1,0,0,0,0,0,0
710,1,24.0,0,0,49.5042,1,0,1,0,0,0,0,0,0,0,0,1,0,0,0,0,0
711,1,41.58045977011494,0,0,26.55,0,1,0,0,1,0,0,0,0,0,0,0,0,1,0,0,0
712,1,48.0,1,0,52.0,0,1,0,0,1,0,0,0,0,0,0,0,0,1,0,0,0
713,3,29.0,0,0,9.4833,0,1,0,0,1,0,0,0,0,0,0,0,0,1,0,0,0
714,2,52.0,0,0,13.0,0,1,0,0,1,0,0,0,0,0,0,0,0,1,0,0,0
715,3,19.0,0,0,7.65,0,1,0,0,1,0,0,0,0,0,0,0,0,1,0,0,0
716,1,38.0,0,0,227.525,1,0,1,0,0,0,0,0,0,0,0,0,1,0,0,0,0
717,2,27.0,0,0,10.5,1,0,0,0,1,0,0,0,0,0,0,0,1,0,0,0,0
718,3,28.724890829694324,0,0,15.5,0,1,0,1,0,0,0,0,0,0,0,0,0,1,0,0,0
719,3,33.0,0,0,7.775,0,1,0,0,1,0,0,0,0,0,0,0,0,1,0,0,0
720,2,6.0,0,1,33.0,1,0,0,0,1,0,0,0,0,0,0,0,1,0,0,0,0
721,3,17.0,1,0,7.0542,0,1,0,0,1,0,0,0,0,0,0,0,0,1,0,0,0
722,2,34.0,0,0,13.0,0,1,0,0,1,0,0,0,0,0,0,0,0,1,0,0,0
723,2,50.0,0,0,13.0,0,1,0,0,1,0,0,0,0,0,0,0,0,1,0,0,0
724,1,27.0,1,0,53.1,0,1,0,0,1,0,0,0,0,0,0,0,0,1,0,0,0
725,3,20.0,0,0,8.6625,0,1,0,0,1,0,0,0,0,0,0,0,0,1,0,0,0
726,2,30.0,3,0,21.0,1,0,0,0,1,0,0,0,0,0,0,0,0,0,1,0,0
727,3,16.1231884057971,0,0,7.7375,1,0,0,1,0,0,0,0,0,0,0,0,1,0,0,0,0
728,2,25.0,1,0,26.0,0,1,0,0,1,0,0,0,0,0,0,0,0,1,0,0,0
729,3,25.0,1,0,7.925,1,0,0,0,1,0,0,0,0,0,0,0,1,0,0,0,0
730,1,29.0,0,0,211.3375,1,0,0,0,1,0,0,0,0,0,0,0,1,0,0,0,0
731,3,11.0,0,0,18.7875,0,1,1,0,0,0,0,0,0,0,0,0,0,1,0,0,0
732,2,32.76829268292683,0,0,0.0,0,1,0,0,1,0,0,0,0,0,0,0,0,1,0,0,0
733,2,23.0,0,0,13.0,0,1,0,0,1,0,0,0,0,0,0,0,0,1,0,0,0
734,2,23.0,0,0,13.0,0,1,0,0,1,0,0,0,0,0,0,0,0,1,0,0,0
735,3,28.5,0,0,16.1,0,1,0,0,1,0,0,0,0,0,0,0,0,1,0,0,0
736,3,48.0,1,3,34.375,1,0,0,0,1,0,0,0,0,0,0,0,0,0,1,0,0
737,1,35.0,0,0,512.3292,0,1,1,0,0,0,0,0,0,0,0,0,0,1,0,0,0
738,3,28.724890829694324,0,0,7.8958,0,1,0,0,1,0,0,0,0,0,0,0,0,1,0,0,0
739,3,28.724890829694324,0,0,7.8958,0,1,0,0,1,0,0,0,0,0,0,0,0,1,0,0,0
740,1,41.58045977011494,0,0,30.0,0,1,0,0,1,0,0,0,0,0,0,0,0,1,0,0,0
741,1,36.0,1,0,78.85,0,1,0,0,1,0,0,0,0,0,0,0,0,1,0,0,0
742,1,21.0,2,2,262.375,1,0,1,0,0,0,0,0,0,0,0,0,1,0,0,0,0
743,3,24.0,1,0,16.1,0,1,0,0,1,0,0,0,0,0,0,0,0,1,0,0,0
744,3,31.0,0,0,7.925,0,1,0,0,1,0,0,0,0,0,0,0,0,1,0,0,0
745,1,70.0,1,1,71.0,0,1,0,0,1,1,0,0,0,0,0,0,0,0,0,0,0
746,3,16.0,1,1,20.25,0,1,0,0,1,0,0,0,0,0,0,0,0,1,0,0,0
747,2,30.0,0,0,13.0,1,0,0,0,1,0,0,0,0,0,0,0,1,0,0,0,0
748,1,19.0,1,0,53.1,0,1,0,0,1,0,0,0,0,0,0,0,0,1,0,0,0
749,3,31.0,0,0,7.75,0,1,0,1,0,0,0,0,0,0,0,0,0,1,0,0,0
750,2,4.0,1,1,23.0,1,0,0,0,1,0,0,0,0,0,0,0,1,0,0,0,0
751,3,6.0,0,1,12.475,0,1,0,0,1,0,0,0,0,0,1,0,0,0,0,0,0
752,3,33.0,0,0,9.5,0,1,0,0,1,0,0,0,0,0,0,0,0,1,0,0,0
753,3,23.0,0,0,7.8958,0,1,0,0,1,0,0,0,0,0,0,0,0,1,0,0,0
754,2,48.0,1,2,65.0,1,0,0,0,1,0,0,0,0,0,0,0,0,0,1,0,0
755,2,0.67,1,1,14.5,0,1,0,0,1,0,0,0,0,0,1,0,0,0,0,0,0
756,3,28.0,0,0,7.7958,0,1,0,0,1,0,0,0,0,0,0,0,0,1,0,0,0
757,2,18.0,0,0,11.5,0,1,0,0,1,0,0,0,0,0,0,0,0,1,0,0,0
758,3,34.0,0,0,8.05,0,1,0,0,1,0,0,0,0,0,0,0,0,1,0,0,0
759,1,33.0,0,0,86.5,1,0,0,0,1,0,0,0,0,0,0,1,0,0,0,0,0
760,3,28.724890829694324,0,0,14.5,0,1,0,0,1,0,0,0,0,0,0,0,0,1,0,0,0
761,3,41.0,0,0,7.125,0,1,0,0,1,0,0,0,0,0,0,0,0,1,0,0,0
762,3,20.0,0,0,7.2292,0,1,1,0,0,0,0,0,0,0,0,0,0,1,0,0,0
763,1,36.0,1,2,120.0,1,0,0,0,1,0,0,0,0,0,0,0,0,0,1,0,0
764,3,16.0,0,0,7.775,0,1,0,0,1,0,0,0,0,0,0,0,0,1,0,0,0
765,1,51.0,1,0,77.9583,1,0,0,0,1,0,0,0,0,0,0,0,0,0,1,0,0
766,1,42.0,0,0,39.6,0,1,1,0,0,0,0,0,1,0,0,0,0,0,0,0,0
767,3,30.5,0,0,7.75,1,0,0,1,0,0,0,0,0,0,0,0,1,0,0,0,0
768,3,28.724890829694324,1,0,24.15,0,1,0,1,0,0,0,0,0,0,0,0,0,1,0,0,0
769,3,32.0,0,0,8.3625,0,1,0,0,1,0,0,0,0,0,0,0,0,1,0,0,0
770,3,24.0,0,0,9.5,0,1,0,0,1,0,0,0,0,0,0,0,0,1,0,0,0
771,3,48.0,0,0,7.8542,0,1,0,0,1,0,0,0,0,0,0,0,0,1,0,0,0
772,2,57.0,0,0,10.5,1,0,0,0,1,0,0,0,0,0,0,0,0,0,1,0,0
773,3,28.724890829694324,0,0,7.225,0,1,1,0,0,0,0,0,0,0,0,0,0,1,0,0,0
774,2,54.0,1,3,23.0,1,0,0,0,1,0,0,0,0,0,0,0,0,0,1,0,0
775,3,18.0,0,0,7.75,0,1,0,0,1,0,0,0,0,0,0,0,0,1,0,0,0
776,3,28.724890829694324,0,0,7.75,0,1,0,1,0,0,0,0,0,0,0,0,0,1,0,0,0
777,3,5.0,0,0,12.475,1,0,0,0,1,0,0,0,0,0,0,0,1,0,0,0,0
778,3,28.724890829694324,0,0,7.7375,0,1,0,1,0,0,0,0,0,0,0,0,0,1,0,0,0
779,1,43.0,0,1,211.3375,1,0,0,0,1,0,0,0,0,0,0,0,0,0,1,0,0
780,3,13.0,0,0,7.2292,1,0,1,0,0,0,0,0,0,0,0,0,1,0,0,0,0
781,1,17.0,1,0,57.0,1,0,0,0,1,0,0,0,0,0,0,0,0,0,1,0,0
782,1,29.0,0,0,30.0,0,1,0,0,1,0,0,0,0,0,0,0,0,1,0,0,0
783,3,28.724890829694324,1,2,23.45,0,1,0,0,1,0,0,0,0,0,0,0,0,1,0,0,0
784,3,25.0,0,0,7.05,0,1,0,0,1,0,0,0,0,0,0,0,0,1,0,0,0
785,3,25.0,0,0,7.25,0,1,0,0,1,0,0,0,0,0,0,0,0,1,0,0,0
786,3,18.0,0,0,7.4958,1,0,0,0,1,0,0,0,0,0,0,0,1,0,0,0,0
787,3,8.0,4,1,29.125,0,1,0,1,0,0,0,0,0,0,1,0,0,0,0,0,0
788,3,1.0,1,2,20.575,0,1,0,0,1,0,0,0,0,0,1,0,0,0,0,0,0
789,1,46.0,0,0,79.2,0,1,1,0,0,0,0,0,0,0,0,0,0,1,0,0,0
790,3,28.724890829694324,0,0,7.75,0,1,0,1,0,0,0,0,0,0,0,0,0,1,0,0,0
791,2,16.0,0,0,26.0,0,1,0,0,1,0,0,0,0,0,0,0,0,1,0,0,0
792,3,16.1231884057971,8,2,69.55,1,0,0,0,1,0,0,0,0,0,0,0,1,0,0,0,0
793,1,41.58045977011494,0,0,30.6958,0,1,1,0,0,0,0,0,0,0,0,0,0,1,0,0,0
794,3,25.0,0,0,7.8958,0,1,0,0,1,0,0,0,0,0,0,0,0,1,0,0,0
795,2,39.0,0,0,13.0,0,1,0,0,1,0,0,0,0,0,0,0,0,1,0,0,0
796,1,49.0,0,0,25.9292,1,0,0,0,1,0,0,0,1,0,0,0,0,0,0,0,0
797,3,31.0,0,0,8.6833,1,0,0,0,1,0,0,0,0,0,0,0,0,0,1,0,0
798,3,30.0,0,0,7.2292,0,1,1,0,0,0,0,0,0,0,0,0,0,1,0,0,0
799,3,30.0,1,1,24.15,1,0,0,0,1,0,0,0,0,0,0,0,0,0,1,0,0
800,2,34.0,0,0,13.0,0,1,0,0,1,0,0,0,0,0,0,0,0,1,0,0,0
801,2,31.0,1,1,26.25,1,0,0,0,1,0,0,0,0,0,0,0,0,0,1,0,0
802,1,11.0,1,2,120.0,0,1,0,0,1,0,0,0,0,0,1,0,0,0,0,0,0
803,3,0.42,0,1,8.5167,0,1,1,0,0,0,0,0,0,0,1,0,0,0,0,0,0
804,3,27.0,0,0,6.975,0,1,0,0,1,0,0,0,0,0,0,0,0,1,0,0,0
805,3,31.0,0,0,7.775,0,1,0,0,1,0,0,0,0,0,0,0,0,1,0,0,0
806,1,39.0,0,0,0.0,0,1,0,0,1,0,0,0,0,0,0,0,0,1,0,0,0
807,3,18.0,0,0,7.775,1,0,0,0,1,0,0,0,0,0,0,0,1,0,0,0,0
808,2,39.0,0,0,13.0,0,1,0,0,1,0,0,0,0,0,0,0,0,1,0,0,0
809,1,33.0,1,0,53.1,1,0,0,0,1,0,0,0,0,0,0,0,0,0,1,0,0
810,3,26.0,0,0,7.8875,0,1,0,0,1,0,0,0,0,0,0,0,0,1,0,0,0
811,3,39.0,0,0,24.15,0,1,0,0,1,0,0,0,0,0,0,0,0,1,0,0,0
812,2,35.0,0,0,10.5,0,1,0,0,1,0,0,0,0,0,0,0,0,1,0,0,0
813,3,6.0,4,2,31.275,1,0,0,0,1,0,0,0,0,0,0,0,1,0,0,0,0
814,3,30.5,0,0,8.05,0,1,0,0,1,0,0,0,0,0,0,0,0,1,0,0,0
815,1,41.58045977011494,0,0,0.0,0,1,0,0,1,0,0,0,0,0,0,0,0,1,0,0,0
816,3,23.0,0,0,7.925,1,0,0,0,1,0,0,0,0,0,0,0,1,0,0,0,0
817,2,31.0,1,1,37.0042,0,1,1,0,0,0,0,0,0,0,0,0,0,1,0,0,0
818,3,43.0,0,0,6.45,0,1,0,0,1,0,0,0,0,0,0,0,0,1,0,0,0
819,3,10.0,3,2,27.9,0,1,0,0,1,0,0,0,0,0,1,0,0,0,0,0,0
820,1,52.0,1,1,93.5,1,0,0,0,1,0,0,0,0,0,0,0,0,0,1,0,0
821,3,27.0,0,0,8.6625,0,1,0,0,1,0,0,0,0,0,0,0,0,1,0,0,0
822,1,38.0,0,0,0.0,0,1,0,0,1,0,0,0,0,0,0,1,0,0,0,0,0
823,3,27.0,0,1,12.475,1,0,0,0,1,0,0,0,0,0,0,0,0,0,1,0,0
824,3,2.0,4,1,39.6875,0,1,0,0,1,0,0,0,0,0,1,0,0,0,0,0,0
825,3,28.724890829694324,0,0,6.95,0,1,0,1,0,0,0,0,0,0,0,0,0,1,0,0,0
826,3,28.724890829694324,0,0,56.4958,0,1,0,0,1,0,0,0,0,0,0,0,0,1,0,0,0
827,2,1.0,0,2,37.0042,0,1,1,0,0,0,0,0,0,0,1,0,0,0,0,0,0
828,3,28.724890829694324,0,0,7.75,0,1,0,1,0,0,0,0,0,0,0,0,0,1,0,0,0
830,3,15.0,1,0,14.4542,1,0,1,0,0,0,0,0,0,0,0,0,0,0,1,0,0
831,2,0.83,1,1,18.75,0,1,0,0,1,0,0,0,0,0,1,0,0,0,0,0,0
832,3,28.724890829694324,0,0,7.2292,0,1,1,0,0,0,0,0,0,0,0,0,0,1,0,0,0
833,3,23.0,0,0,7.8542,0,1,0,0,1,0,0,0,0,0,0,0,0,1,0,0,0
834,3,18.0,0,0,8.3,0,1,0,0,1,0,0,0,0,0,0,0,0,1,0,0,0
835,1,39.0,1,1,83.1583,1,0,1,0,0,0,0,0,0,0,0,0,1,0,0,0,0
836,3,21.0,0,0,8.6625,0,1,0,0,1,0,0,0,0,0,0,0,0,1,0,0,0
837,3,28.724890829694324,0,0,8.05,0,1,0,0,1,0,0,0,0,0,0,0,0,1,0,0,0
838,3,32.0,0,0,56.4958,0,1,0,0,1,0,0,0,0,0,0,0,0,1,0,0,0
839,1,41.58045977011494,0,0,29.7,0,1,1,0,0,0,0,0,0,0,0,0,0,1,0,0,0
840,3,20.0,0,0,7.925,0,1,0,0,1,0,0,0,0,0,0,0,0,1,0,0,0
841,2,16.0,0,0,10.5,0,1,0,0,1,0,0,0,0,0,0,0,0,1,0,0,0
842,1,30.0,0,0,31.0,1,0,1,0,0,0,0,0,0,0,0,0,1,0,0,0,0
843,3,34.5,0,0,6.4375,0,1,1,0,0,0,0,0,0,0,0,0,0,1,0,0,0
844,3,17.0,0,0,8.6625,0,1,0,0,1,0,0,0,0,0,0,0,0,1,0,0,0
845,3,42.0,0,0,7.55,0,1,0,0,1,0,0,0,0,0,0,0,0,1,0,0,0
846,3,28.724890829694324,8,2,69.55,0,1,0,0,1,0,0,0,0,0,0,0,0,1,0,0,0
847,3,35.0,0,0,7.8958,0,1,1,0,0,0,0,0,0,0,0,0,0,1,0,0,0
848,2,28.0,0,1,33.0,0,1,0,0,1,0,0,0,0,0,0,0,0,0,0,0,1
849,1,40.88235294117647,1,0,89.1042,1,0,1,0,0,0,0,0,0,0,0,0,0,0,1,0,0
850,3,4.0,4,2,31.275,0,1,0,0,1,0,0,0,0,0,1,0,0,0,0,0,0
851,3,74.0,0,0,7.775,0,1,0,0,1,0,0,0,0,0,0,0,0,1,0,0,0
852,3,9.0,1,1,15.2458,1,0,1,0,0,0,0,0,0,0,0,0,1,0,0,0,0
853,1,16.0,0,1,39.4,1,0,0,0,1,0,0,0,0,0,0,0,1,0,0,0,0
854,2,44.0,1,0,26.0,1,0,0,0,1,0,0,0,0,0,0,0,0,0,1,0,0
855,3,18.0,0,1,9.35,1,0,0,0,1,0,0,0,0,0,0,0,0,0,1,0,0
856,1,45.0,1,1,164.8667,1,0,0,0,1,0,0,0,0,0,0,0,0,0,1,0,0
857,1,51.0,0,0,26.55,0,1,0,0,1,0,0,0,0,0,0,0,0,1,0,0,0
858,3,24.0,0,3,19.2583,1,0,1,0,0,0,0,0,0,0,0,0,0,0,1,0,0
859,3,28.724890829694324,0,0,7.2292,0,1,1,0,0,0,0,0,0,0,0,0,0,1,0,0,0
860,3,41.0,2,0,14.1083,0,1,0,0,1,0,0,0,0,0,0,0,0,1,0,0,0
861,2,21.0,1,0,11.5,0,1,0,0,1,0,0,0,0,0,0,0,0,1,0,0,0
862,1,48.0,0,0,25.9292,1,0,0,0,1,0,0,0,0,0,0,0,0,0,1,0,0
863,3,16.1231884057971,8,2,69.55,1,0,0,0,1,0,0,0,0,0,0,0,1,0,0,0,0
864,2,24.0,0,0,13.0,0,1,0,0,1,0,0,0,0,0,0,0,0,1,0,0,0
865,2,42.0,0,0,13.0,1,0,0,0,1,0,0,0,0,0,0,0,0,0,1,0,0
866,2,27.0,1,0,13.8583,1,0,1,0,0,0,0,0,0,0,0,0,1,0,0,0,0
867,1,31.0,0,0,50.4958,0,1,0,0,1,0,0,0,0,0,0,0,0,1,0,0,0
868,3,28.724890829694324,0,0,9.5,0,1,0,0,1,0,0,0,0,0,0,0,0,1,0,0,0
869,3,4.0,1,1,11.1333,0,1,0,0,1,0,0,0,0,0,1,0,0,0,0,0,0
870,3,26.0,0,0,7.8958,0,1,0,0,1,0,0,0,0,0,0,0,0,1,0,0,0
871,1,47.0,1,1,52.5542,1,0,0,0,1,0,0,0,0,0,0,0,0,0,1,0,0
872,1,33.0,0,0,5.0,0,1,0,0,1,0,0,0,0,0,0,0,0,1,0,0,0
873,3,47.0,0,0,9.0,0,1,0,0,1,0,0,0,0,0,0,0,0,1,0,0,0
874,2,28.0,1,0,24.0,1,0,1,0,0,0,0,0,0,0,0,0,0,0,1,0,0
875,3,15.0,0,0,7.225,1,0,1,0,0,0,0,0,0,0,0,0,1,0,0,0,0
876,3,20.0,0,0,9.8458,0,1,0,0,1,0,0,0,0,0,0,0,0,1,0,0,0
877,3,19.0,0,0,7.8958,0,1,0,0,1,0,0,0,0,0,0,0,0,1,0,0,0
878,3,28.724890829694324,0,0,7.8958,0,1,0,0,1,0,0,0,0,0,0,0,0,1,0,0,0
879,1,56.0,0,1,83.1583,1,0,1,0,0,0,0,0,0,0,0,0,0,0,1,0,0
880,2,25.0,0,1,26.0,1,0,0,0,1,0,0,0,0,0,0,0,0,0,1,0,0
881,3,33.0,0,0,7.8958,0,1,0,0,1,0,0,0,0,0,0,0,0,1,0,0,0
882,3,22.0,0,0,10.5167,1,0,0,0,1,0,0,0,0,0,0,0,1,0,0,0,0
883,2,28.0,0,0,10.5,0,1,0,0,1,0,0,0,0,0,0,0,0,1,0,0,0
884,3,25.0,0,0,7.05,0,1,0,0,1,0,0,0,0,0,0,0,0,1,0,0,0
885,3,39.0,0,5,29.125,1,0,0,1,0,0,0,0,0,0,0,0,0,0,1,0,0
886,2,27.0,0,0,13.0,0,1,0,0,1,0,0,0,0,0,0,0,0,0,0,0,1
887,1,19.0,0,0,30.0,1,0,0,0,1,0,0,0,0,0,0,0,1,0,0,0,0
888,3,16.1231884057971,1,2,23.45,1,0,0,0,1,0,0,0,0,0,0,0,1,0,0,0,0
889,1,26.0,0,0,30.0,0,1,1,0,0,0,0,0,0,0,0,0,0,1,0,0,0
890,3,32.0,0,0,7.75,0,1,0,1,0,0,0,0,0,0,0,0,0,1,0,0,0
